"repo_id","repo_name","repo_git","name","abs","month","year","last_checked"
"1","augur","https://github.com/chaoss/augur","Beaker","4.627397260273972","8","2024","2024-8-25 18:34:44"
"1","augur","https://github.com/chaoss/augur","Flask","2.5095890410958903","8","2024","2024-8-25 18:34:44"
"1","augur","https://github.com/chaoss/augur","Flask-Cors","0","8","2024","2024-8-25 18:34:44"
"1","augur","https://github.com/chaoss/augur","Flask-Login","3.7205479452054795","8","2024","2024-8-25 18:34:44"
"1","augur","https://github.com/chaoss/augur","Flask-WTF","1.8986301369863015","8","2024","2024-8-25 18:34:44"
"1","augur","https://github.com/chaoss/augur","Jinja2","0","8","2024","2024-8-25 18:34:44"
"1","augur","https://github.com/chaoss/augur","SQLAlchemy","0.8136986301369863","8","2024","2024-8-25 18:34:44"
"1","augur","https://github.com/chaoss/augur","Werkzeug","0","8","2024","2024-8-25 18:34:44"
"1","augur","https://github.com/chaoss/augur","XlsxWriter","3.350684931506849","8","2024","2024-8-25 18:34:44"
"1","augur","https://github.com/chaoss/augur","alembic","1.9561643835616438","8","2024","2024-8-25 18:34:44"
"1","augur","https://github.com/chaoss/augur","blinker","8.794520547945206","8","2024","2024-8-25 18:34:44"
"1","augur","https://github.com/chaoss/augur","bokeh","4.336986301369863","8","2024","2024-8-25 18:34:44"
"1","augur","https://github.com/chaoss/augur","boto3","3.334246575342466","8","2024","2024-8-25 18:34:44"
"1","augur","https://github.com/chaoss/augur","celery","1.8876712328767122","8","2024","2024-8-25 18:34:44"
"1","augur","https://github.com/chaoss/augur","click","1.8493150684931507","8","2024","2024-8-25 18:34:44"
"1","augur","https://github.com/chaoss/augur","cloudpickle","0","8","2024","2024-8-25 18:34:44"
"1","augur","https://github.com/chaoss/augur","coloredlogs","0.4986301369863014","8","2024","2024-8-25 18:34:44"
"1","augur","https://github.com/chaoss/augur","dask","0","8","2024","2024-8-25 18:34:44"
"1","augur","https://github.com/chaoss/augur","distributed","0","8","2024","2024-8-25 18:34:44"
"1","augur","https://github.com/chaoss/augur","dnspython","0","8","2024","2024-8-25 18:34:44"
"1","augur","https://github.com/chaoss/augur","eventlet","0.09863013698630137","8","2024","2024-8-25 18:34:44"
"1","augur","https://github.com/chaoss/augur","flask_graphql","0","8","2024","2024-8-25 18:34:44"
"1","augur","https://github.com/chaoss/augur","flower","0","8","2024","2024-8-25 18:34:44"
"1","augur","https://github.com/chaoss/augur","fsspec","0","8","2024","2024-8-25 18:34:44"
"1","augur","https://github.com/chaoss/augur","graphene","0","8","2024","2024-8-25 18:34:44"
"1","augur","https://github.com/chaoss/augur","graphene_sqlalchemy","0","8","2024","2024-8-25 18:34:44"
"1","augur","https://github.com/chaoss/augur","gunicorn","0.3150684931506849","8","2024","2024-8-25 18:34:44"
"1","augur","https://github.com/chaoss/augur","h5py","0.5013698630136987","8","2024","2024-8-25 18:34:44"
"1","augur","https://github.com/chaoss/augur","httpx","1.747945205479452","8","2024","2024-8-25 18:34:44"
"1","augur","https://github.com/chaoss/augur","itsdangerous","2.915068493150685","8","2024","2024-8-25 18:34:44"
"1","augur","https://github.com/chaoss/augur","mdpdf","0","8","2024","2024-8-25 18:34:44"
"1","augur","https://github.com/chaoss/augur","mistune","0","8","2024","2024-8-25 18:34:44"
"1","augur","https://github.com/chaoss/augur","nltk","2.66027397260274","8","2024","2024-8-25 18:34:44"
"1","augur","https://github.com/chaoss/augur","numpy","0.9232876712328767","8","2024","2024-8-25 18:34:44"
"1","augur","https://github.com/chaoss/augur","pandas","1.2246575342465753","8","2024","2024-8-25 18:34:44"
"1","augur","https://github.com/chaoss/augur","partd","0","8","2024","2024-8-25 18:34:44"
"1","augur","https://github.com/chaoss/augur","protobuf","0","8","2024","2024-8-25 18:34:44"
"1","augur","https://github.com/chaoss/augur","psutil","3.4986301369863013","8","2024","2024-8-25 18:34:44"
"1","augur","https://github.com/chaoss/augur","psycopg2-binary","1.7589041095890412","8","2024","2024-8-25 18:34:44"
"1","augur","https://github.com/chaoss/augur","pyYaml","0","8","2024","2024-8-25 18:34:44"
"1","augur","https://github.com/chaoss/augur","pylint","1.747945205479452","8","2024","2024-8-25 18:34:44"
"1","augur","https://github.com/chaoss/augur","redis","2.158904109589041","8","2024","2024-8-25 18:34:44"
"1","augur","https://github.com/chaoss/augur","requests","0.021917808219178082","8","2024","2024-8-25 18:34:44"
"1","augur","https://github.com/chaoss/augur","scipy","0","8","2024","2024-8-25 18:34:44"
"1","augur","https://github.com/chaoss/augur","selenium","5.728767123287671","8","2024","2024-8-25 18:34:44"
"1","augur","https://github.com/chaoss/augur","sendgrid","0","8","2024","2024-8-25 18:34:44"
"1","augur","https://github.com/chaoss/augur","six","0.9534246575342465","8","2024","2024-8-25 18:34:44"
"1","augur","https://github.com/chaoss/augur","slack","1","8","2024","2024-8-25 18:34:44"
"1","augur","https://github.com/chaoss/augur","tenacity","0.2273972602739726","8","2024","2024-8-25 18:34:44"
"1","augur","https://github.com/chaoss/augur","toml","0","8","2024","2024-8-25 18:34:44"
"1","augur","https://github.com/chaoss/augur","toolz","0","8","2024","2024-8-25 18:34:44"
"1","augur","https://github.com/chaoss/augur","tornado","0","8","2024","2024-8-25 18:34:44"
"1","augur","https://github.com/chaoss/augur","typing-extensions","0.9342465753424658","8","2024","2024-8-25 18:34:44"
"1","augur","https://github.com/chaoss/augur","wheel","0","8","2024","2024-8-25 18:34:44"
"25480","taxonomy","https://github.com/instructlab/taxonomy","PyYAML","2.8164383561643835","8","2024","2024-8-25 18:34:42"
"25480","taxonomy","https://github.com/instructlab/taxonomy","SPDX-License-Identifier","1","8","2024","2024-8-25 18:34:42"
"25480","taxonomy","https://github.com/instructlab/taxonomy","instructlab-schema","0","8","2024","2024-8-25 18:34:42"
"25480","taxonomy","https://github.com/instructlab/taxonomy","jsonschema","0.4767123287671233","8","2024","2024-8-25 18:34:42"
"25480","taxonomy","https://github.com/instructlab/taxonomy","yamllint","0.0027397260273972603","8","2024","2024-8-25 18:34:42"
"25481","instructlab","https://github.com/instructlab/instructlab","GitPython","0","8","2024","2024-8-25 18:34:43"
"25481","instructlab","https://github.com/instructlab/instructlab","Habana","1","8","2024","2024-8-25 18:34:43"
"25481","instructlab","https://github.com/instructlab/instructlab","HabanaLabs","1","8","2024","2024-8-25 18:34:43"
"25481","instructlab","https://github.com/instructlab/instructlab","PyYAML","0","8","2024","2024-8-25 18:34:43"
"25481","instructlab","https://github.com/instructlab/instructlab","SPDX-License-Identifier","1","8","2024","2024-8-25 18:34:43"
"25481","instructlab","https://github.com/instructlab/instructlab","click","0.07945205479452055","8","2024","2024-8-25 18:34:43"
"25481","instructlab","https://github.com/instructlab/instructlab","click-didyoumean","0","8","2024","2024-8-25 18:34:43"
"25481","instructlab","https://github.com/instructlab/instructlab","datasets","0","8","2024","2024-8-25 18:34:43"
"25481","instructlab","https://github.com/instructlab/instructlab","gguf","0","8","2024","2024-8-25 18:34:43"
"25481","instructlab","https://github.com/instructlab/instructlab","httpx","0","8","2024","2024-8-25 18:34:43"
"25481","instructlab","https://github.com/instructlab/instructlab","instructlab-eval","0","8","2024","2024-8-25 18:34:43"
"25481","instructlab","https://github.com/instructlab/instructlab","instructlab-quantize","0","8","2024","2024-8-25 18:34:43"
"25481","instructlab","https://github.com/instructlab/instructlab","instructlab-schema","0","8","2024","2024-8-25 18:34:43"
"25481","instructlab","https://github.com/instructlab/instructlab","instructlab-sdg","0","8","2024","2024-8-25 18:34:43"
"25481","instructlab","https://github.com/instructlab/instructlab","instructlab-training","0","8","2024","2024-8-25 18:34:43"
"25481","instructlab","https://github.com/instructlab/instructlab","it","0","8","2024","2024-8-25 18:34:43"
"25481","instructlab","https://github.com/instructlab/instructlab","jsonschema","0","8","2024","2024-8-25 18:34:43"
"25481","instructlab","https://github.com/instructlab/instructlab","llama_cpp_python","0","8","2024","2024-8-25 18:34:43"
"25481","instructlab","https://github.com/instructlab/instructlab","mlx","0.5013698630136987","8","2024","2024-8-25 18:34:43"
"25481","instructlab","https://github.com/instructlab/instructlab","numpy","1.8520547945205479","8","2024","2024-8-25 18:34:43"
"25481","instructlab","https://github.com/instructlab/instructlab","old","1","8","2024","2024-8-25 18:34:43"
"25481","instructlab","https://github.com/instructlab/instructlab","openai","0","8","2024","2024-8-25 18:34:43"
"25481","instructlab","https://github.com/instructlab/instructlab","optimum","0","8","2024","2024-8-25 18:34:43"
"25481","instructlab","https://github.com/instructlab/instructlab","peft","0","8","2024","2024-8-25 18:34:43"
"25481","instructlab","https://github.com/instructlab/instructlab","platformdirs","0","8","2024","2024-8-25 18:34:43"
"25481","instructlab","https://github.com/instructlab/instructlab","prompt-toolkit","0","8","2024","2024-8-25 18:34:43"
"25481","instructlab","https://github.com/instructlab/instructlab","pydantic","0","8","2024","2024-8-25 18:34:43"
"25481","instructlab","https://github.com/instructlab/instructlab","pydantic_yaml","0","8","2024","2024-8-25 18:34:43"
"25481","instructlab","https://github.com/instructlab/instructlab","referencing","0","8","2024","2024-8-25 18:34:43"
"25481","instructlab","https://github.com/instructlab/instructlab","rich","0","8","2024","2024-8-25 18:34:43"
"25481","instructlab","https://github.com/instructlab/instructlab","rouge-score","0","8","2024","2024-8-25 18:34:43"
"25481","instructlab","https://github.com/instructlab/instructlab","sentencepiece","0","8","2024","2024-8-25 18:34:43"
"25481","instructlab","https://github.com/instructlab/instructlab","the","0","8","2024","2024-8-25 18:34:43"
"25481","instructlab","https://github.com/instructlab/instructlab","tokenizers","0","8","2024","2024-8-25 18:34:43"
"25481","instructlab","https://github.com/instructlab/instructlab","toml","0","8","2024","2024-8-25 18:34:43"
"25481","instructlab","https://github.com/instructlab/instructlab","torch","0","8","2024","2024-8-25 18:34:43"
"25481","instructlab","https://github.com/instructlab/instructlab","tqdm","0","8","2024","2024-8-25 18:34:43"
"25481","instructlab","https://github.com/instructlab/instructlab","transformers","0","8","2024","2024-8-25 18:34:43"
"25481","instructlab","https://github.com/instructlab/instructlab","trl","0","8","2024","2024-8-25 18:34:43"
"25481","instructlab","https://github.com/instructlab/instructlab","versions","0","8","2024","2024-8-25 18:34:43"
"25481","instructlab","https://github.com/instructlab/instructlab","wandb","0","8","2024","2024-8-25 18:34:43"
"25481","instructlab","https://github.com/instructlab/instructlab","yamllint","0","8","2024","2024-8-25 18:34:43"
"25482","website","https://github.com/instructlab/website","@carbon/react","0","8","2024","2024-8-25 18:34:43"
"25482","website","https://github.com/instructlab/website","@react-hookz/web","0","8","2024","2024-8-25 18:34:43"
"25482","website","https://github.com/instructlab/website","@svgr/webpack","0","8","2024","2024-8-25 18:34:43"
"25482","website","https://github.com/instructlab/website","@types/node","0.052054794520547946","8","2024","2024-8-25 18:34:43"
"25482","website","https://github.com/instructlab/website","@types/react","0.24383561643835616","8","2024","2024-8-25 18:34:43"
"25482","website","https://github.com/instructlab/website","@types/react-dom","0","8","2024","2024-8-25 18:34:43"
"25482","website","https://github.com/instructlab/website","@typescript-eslint/eslint-plugin","0.052054794520547946","8","2024","2024-8-25 18:34:43"
"25482","website","https://github.com/instructlab/website","classnames","0","8","2024","2024-8-25 18:34:43"
"25482","website","https://github.com/instructlab/website","eslint","0.4958904109589041","8","2024","2024-8-25 18:34:43"
"25482","website","https://github.com/instructlab/website","eslint-config-next","0.11506849315068493","8","2024","2024-8-25 18:34:43"
"25482","website","https://github.com/instructlab/website","eslint-config-prettier","0","8","2024","2024-8-25 18:34:43"
"25482","website","https://github.com/instructlab/website","eslint-plugin-prettier","0","8","2024","2024-8-25 18:34:43"
"25482","website","https://github.com/instructlab/website","framer-motion","0","8","2024","2024-8-25 18:34:43"
"25482","website","https://github.com/instructlab/website","next","0.11506849315068493","8","2024","2024-8-25 18:34:43"
"25482","website","https://github.com/instructlab/website","prettier","0","8","2024","2024-8-25 18:34:43"
"25482","website","https://github.com/instructlab/website","react","0","8","2024","2024-8-25 18:34:43"
"25482","website","https://github.com/instructlab/website","react-animated-term","0","8","2024","2024-8-25 18:34:43"
"25482","website","https://github.com/instructlab/website","react-dom","0","8","2024","2024-8-25 18:34:43"
"25482","website","https://github.com/instructlab/website","react-intersection-observer","0","8","2024","2024-8-25 18:34:43"
"25482","website","https://github.com/instructlab/website","sass","0","8","2024","2024-8-25 18:34:43"
"25482","website","https://github.com/instructlab/website","typescript","0","8","2024","2024-8-25 18:34:43"
"25484","community","https://github.com/instructlab/community","SPDX-License-Identifier","1","8","2024","2024-8-25 18:34:42"
"25484","community","https://github.com/instructlab/community","tox","1.3342465753424657","8","2024","2024-8-25 18:34:42"
"25485","instructlab-bot","https://github.com/instructlab/instructlab-bot","@fortawesome/free-solid-svg-icons","0","8","2024","2024-8-25 18:34:40"
"25485","instructlab-bot","https://github.com/instructlab/instructlab-bot","@fortawesome/react-fontawesome","0","8","2024","2024-8-25 18:34:40"
"25485","instructlab-bot","https://github.com/instructlab/instructlab-bot","@next/env","0.2328767123287671","8","2024","2024-8-25 18:34:40"
"25485","instructlab-bot","https://github.com/instructlab/instructlab-bot","@next/eslint-plugin-next","0.2328767123287671","8","2024","2024-8-25 18:34:40"
"25485","instructlab-bot","https://github.com/instructlab/instructlab-bot","@patternfly/react-charts","0.24383561643835616","8","2024","2024-8-25 18:34:40"
"25485","instructlab-bot","https://github.com/instructlab/instructlab-bot","@patternfly/react-core","0.0958904109589041","8","2024","2024-8-25 18:34:40"
"25485","instructlab-bot","https://github.com/instructlab/instructlab-bot","@patternfly/react-icons","0.20821917808219179","8","2024","2024-8-25 18:34:40"
"25485","instructlab-bot","https://github.com/instructlab/instructlab-bot","@patternfly/react-styles","0.20821917808219179","8","2024","2024-8-25 18:34:40"
"25485","instructlab-bot","https://github.com/instructlab/instructlab-bot","@patternfly/react-table","0.14246575342465753","8","2024","2024-8-25 18:34:40"
"25485","instructlab-bot","https://github.com/instructlab/instructlab-bot","@redhat-cloud-services/eslint-config-redhat-cloud-services","0","8","2024","2024-8-25 18:34:40"
"25485","instructlab-bot","https://github.com/instructlab/instructlab-bot","@types/node","1.1917808219178083","8","2024","2024-8-25 18:34:40"
"25485","instructlab-bot","https://github.com/instructlab/instructlab-bot","@types/react","1.1726027397260275","8","2024","2024-8-25 18:34:40"
"25485","instructlab-bot","https://github.com/instructlab/instructlab-bot","@types/react-dom","0.852054794520548","8","2024","2024-8-25 18:34:40"
"25485","instructlab-bot","https://github.com/instructlab/instructlab-bot","@types/styled-components","0","8","2024","2024-8-25 18:34:40"
"25485","instructlab-bot","https://github.com/instructlab/instructlab-bot","@types/uuid","0.4","8","2024","2024-8-25 18:34:40"
"25485","instructlab-bot","https://github.com/instructlab/instructlab-bot","@typescript-eslint/eslint-plugin","0.5342465753424658","8","2024","2024-8-25 18:34:40"
"25485","instructlab-bot","https://github.com/instructlab/instructlab-bot","axios","0","8","2024","2024-8-25 18:34:40"
"25485","instructlab-bot","https://github.com/instructlab/instructlab-bot","css-loader","0","8","2024","2024-8-25 18:34:40"
"25485","instructlab-bot","https://github.com/instructlab/instructlab-bot","eslint","0.4958904109589041","8","2024","2024-8-25 18:34:40"
"25485","instructlab-bot","https://github.com/instructlab/instructlab-bot","eslint-config-next","0.2328767123287671","8","2024","2024-8-25 18:34:40"
"25485","instructlab-bot","https://github.com/instructlab/instructlab-bot","eslint-config-prettier","0","8","2024","2024-8-25 18:34:40"
"25485","instructlab-bot","https://github.com/instructlab/instructlab-bot","eslint-plugin-prettier","2.0493150684931507","8","2024","2024-8-25 18:34:40"
"25485","instructlab-bot","https://github.com/instructlab/instructlab-bot","https","0","8","2024","2024-8-25 18:34:40"
"25485","instructlab-bot","https://github.com/instructlab/instructlab-bot","next","0.2328767123287671","8","2024","2024-8-25 18:34:40"
"25485","instructlab-bot","https://github.com/instructlab/instructlab-bot","next-auth","0","8","2024","2024-8-25 18:34:40"
"25485","instructlab-bot","https://github.com/instructlab/instructlab-bot","node-fetch","0","8","2024","2024-8-25 18:34:40"
"25485","instructlab-bot","https://github.com/instructlab/instructlab-bot","prettier","1.2246575342465753","8","2024","2024-8-25 18:34:40"
"25485","instructlab-bot","https://github.com/instructlab/instructlab-bot","react","1.8657534246575342","8","2024","2024-8-25 18:34:40"
"25485","instructlab-bot","https://github.com/instructlab/instructlab-bot","react-dom","1.8657534246575342","8","2024","2024-8-25 18:34:40"
"25485","instructlab-bot","https://github.com/instructlab/instructlab-bot","react-query","0","8","2024","2024-8-25 18:34:40"
"25485","instructlab-bot","https://github.com/instructlab/instructlab-bot","typescript","1.1424657534246576","8","2024","2024-8-25 18:34:40"
"25485","instructlab-bot","https://github.com/instructlab/instructlab-bot","uuid","0.7424657534246575","8","2024","2024-8-25 18:34:40"
"25485","instructlab-bot","https://github.com/instructlab/instructlab-bot","winston","0","8","2024","2024-8-25 18:34:40"
"25490","training","https://github.com/instructlab/training","Habana","1","8","2024","2024-8-25 18:34:41"
"25490","training","https://github.com/instructlab/training","HabanaLabs","1","8","2024","2024-8-25 18:34:41"
"25490","training","https://github.com/instructlab/training","Note","0","8","2024","2024-8-25 18:34:41"
"25490","training","https://github.com/instructlab/training","aiofiles","0","8","2024","2024-8-25 18:34:41"
"25490","training","https://github.com/instructlab/training","datasets","0","8","2024","2024-8-25 18:34:41"
"25490","training","https://github.com/instructlab/training","deepspeed","0","8","2024","2024-8-25 18:34:41"
"25490","training","https://github.com/instructlab/training","instructlab-dolomite","0","8","2024","2024-8-25 18:34:41"
"25490","training","https://github.com/instructlab/training","numba","0","8","2024","2024-8-25 18:34:41"
"25490","training","https://github.com/instructlab/training","numpy","1.8520547945205479","8","2024","2024-8-25 18:34:41"
"25490","training","https://github.com/instructlab/training","packaging","0","8","2024","2024-8-25 18:34:41"
"25490","training","https://github.com/instructlab/training","peft","0","8","2024","2024-8-25 18:34:41"
"25490","training","https://github.com/instructlab/training","py-cpuinfo","0","8","2024","2024-8-25 18:34:41"
"25490","training","https://github.com/instructlab/training","pydantic","0","8","2024","2024-8-25 18:34:41"
"25490","training","https://github.com/instructlab/training","pyyaml","0","8","2024","2024-8-25 18:34:41"
"25490","training","https://github.com/instructlab/training","replace","0","8","2024","2024-8-25 18:34:41"
"25490","training","https://github.com/instructlab/training","rich","0","8","2024","2024-8-25 18:34:41"
"25490","training","https://github.com/instructlab/training","torch","0","8","2024","2024-8-25 18:34:41"
"25490","training","https://github.com/instructlab/training","transformers","0","8","2024","2024-8-25 18:34:41"
"25490","training","https://github.com/instructlab/training","trl","0","8","2024","2024-8-25 18:34:41"
"25490","training","https://github.com/instructlab/training","versions","0","8","2024","2024-8-25 18:34:41"
"25490","training","https://github.com/instructlab/training","we","1","8","2024","2024-8-25 18:34:41"
"25490","training","https://github.com/instructlab/training","wheel","0","8","2024","2024-8-25 18:34:41"
"25491","sdg","https://github.com/instructlab/sdg","Note","0","8","2024","2024-8-25 18:34:40"
"25491","sdg","https://github.com/instructlab/sdg","SPDX-License-Identifier","1","8","2024","2024-8-25 18:34:40"
"25491","sdg","https://github.com/instructlab/sdg","click","0.07945205479452055","8","2024","2024-8-25 18:34:40"
"25491","sdg","https://github.com/instructlab/sdg","do","0","8","2024","2024-8-25 18:34:40"
"25491","sdg","https://github.com/instructlab/sdg","https","1","8","2024","2024-8-25 18:34:40"
"25491","sdg","https://github.com/instructlab/sdg","httpx","0.7616438356164383","8","2024","2024-8-25 18:34:40"
"25491","sdg","https://github.com/instructlab/sdg","instructlab-schema","0","8","2024","2024-8-25 18:34:40"
"25491","sdg","https://github.com/instructlab/sdg","langchain-text-splitters","0","8","2024","2024-8-25 18:34:40"
"25491","sdg","https://github.com/instructlab/sdg","openai","0.5287671232876713","8","2024","2024-8-25 18:34:40"
"25491","sdg","https://github.com/instructlab/sdg","platformdirs","0","8","2024","2024-8-25 18:34:40"
"25491","sdg","https://github.com/instructlab/sdg","removed","1","8","2024","2024-8-25 18:34:40"
"25491","sdg","https://github.com/instructlab/sdg","tenacity","0","8","2024","2024-8-25 18:34:40"
"25492","eval","https://github.com/instructlab/eval","FastChat","0","8","2024","2024-8-25 18:34:40"
"25492","eval","https://github.com/instructlab/eval","GitPython","0.2191780821917808","8","2024","2024-8-25 18:34:40"
"25492","eval","https://github.com/instructlab/eval","SPDX-License-Identifier","1","8","2024","2024-8-25 18:34:40"
"25492","eval","https://github.com/instructlab/eval","accelerate","0","8","2024","2024-8-25 18:34:40"
"25492","eval","https://github.com/instructlab/eval","lm-eval","0","8","2024","2024-8-25 18:34:40"
"25492","eval","https://github.com/instructlab/eval","openai","0.5287671232876713","8","2024","2024-8-25 18:34:40"
"25492","eval","https://github.com/instructlab/eval","pandas","0","8","2024","2024-8-25 18:34:40"
"25492","eval","https://github.com/instructlab/eval","pandas-stubs","0","8","2024","2024-8-25 18:34:40"
"25492","eval","https://github.com/instructlab/eval","psutil","0","8","2024","2024-8-25 18:34:40"
"25492","eval","https://github.com/instructlab/eval","shortuuid","0","8","2024","2024-8-25 18:34:40"
"25492","eval","https://github.com/instructlab/eval","torch","0","8","2024","2024-8-25 18:34:40"
"25492","eval","https://github.com/instructlab/eval","transformers","0","8","2024","2024-8-25 18:34:40"
"25493","ui","https://github.com/instructlab/ui","@fortawesome/free-solid-svg-icons","0","8","2024","2024-8-25 18:34:41"
"25493","ui","https://github.com/instructlab/ui","@fortawesome/react-fontawesome","0","8","2024","2024-8-25 18:34:41"
"25493","ui","https://github.com/instructlab/ui","@next/env","0.2328767123287671","8","2024","2024-8-25 18:34:41"
"25493","ui","https://github.com/instructlab/ui","@next/eslint-plugin-next","0.2328767123287671","8","2024","2024-8-25 18:34:41"
"25493","ui","https://github.com/instructlab/ui","@patternfly/react-charts","0.24383561643835616","8","2024","2024-8-25 18:34:41"
"25493","ui","https://github.com/instructlab/ui","@patternfly/react-core","0.0958904109589041","8","2024","2024-8-25 18:34:41"
"25493","ui","https://github.com/instructlab/ui","@patternfly/react-icons","0.20821917808219179","8","2024","2024-8-25 18:34:41"
"25493","ui","https://github.com/instructlab/ui","@patternfly/react-styles","0.20821917808219179","8","2024","2024-8-25 18:34:41"
"25493","ui","https://github.com/instructlab/ui","@patternfly/react-table","0.14246575342465753","8","2024","2024-8-25 18:34:41"
"25493","ui","https://github.com/instructlab/ui","@popperjs/core","0","8","2024","2024-8-25 18:34:41"
"25493","ui","https://github.com/instructlab/ui","@redhat-cloud-services/eslint-config-redhat-cloud-services","0","8","2024","2024-8-25 18:34:41"
"25493","ui","https://github.com/instructlab/ui","@types/js-yaml","0","8","2024","2024-8-25 18:34:41"
"25493","ui","https://github.com/instructlab/ui","@types/node","0.21095890410958903","8","2024","2024-8-25 18:34:41"
"25493","ui","https://github.com/instructlab/ui","@types/react","0.24383561643835616","8","2024","2024-8-25 18:34:41"
"25493","ui","https://github.com/instructlab/ui","@types/react-dom","0","8","2024","2024-8-25 18:34:41"
"25493","ui","https://github.com/instructlab/ui","@types/styled-components","0","8","2024","2024-8-25 18:34:41"
"25493","ui","https://github.com/instructlab/ui","@types/uuid","0.4","8","2024","2024-8-25 18:34:41"
"25493","ui","https://github.com/instructlab/ui","@typescript-eslint/eslint-plugin","0.052054794520547946","8","2024","2024-8-25 18:34:41"
"25493","ui","https://github.com/instructlab/ui","@typescript-eslint/parser","0.052054794520547946","8","2024","2024-8-25 18:34:41"
"25493","ui","https://github.com/instructlab/ui","axios","0","8","2024","2024-8-25 18:34:41"
"25493","ui","https://github.com/instructlab/ui","css-loader","0","8","2024","2024-8-25 18:34:41"
"25493","ui","https://github.com/instructlab/ui","eslint","0.4958904109589041","8","2024","2024-8-25 18:34:41"
"25493","ui","https://github.com/instructlab/ui","eslint-config-next","0.2328767123287671","8","2024","2024-8-25 18:34:41"
"25493","ui","https://github.com/instructlab/ui","eslint-config-prettier","0.34794520547945207","8","2024","2024-8-25 18:34:41"
"25493","ui","https://github.com/instructlab/ui","eslint-plugin-prettier","0","8","2024","2024-8-25 18:34:41"
"25493","ui","https://github.com/instructlab/ui","https","0","8","2024","2024-8-25 18:34:41"
"25493","ui","https://github.com/instructlab/ui","js-yaml","0","8","2024","2024-8-25 18:34:41"
"25493","ui","https://github.com/instructlab/ui","next","0.2328767123287671","8","2024","2024-8-25 18:34:41"
"25493","ui","https://github.com/instructlab/ui","next-auth","0","8","2024","2024-8-25 18:34:41"
"25493","ui","https://github.com/instructlab/ui","node-fetch","0","8","2024","2024-8-25 18:34:41"
"25493","ui","https://github.com/instructlab/ui","prettier","0.10410958904109589","8","2024","2024-8-25 18:34:41"
"25493","ui","https://github.com/instructlab/ui","react","0","8","2024","2024-8-25 18:34:41"
"25493","ui","https://github.com/instructlab/ui","react-dom","0","8","2024","2024-8-25 18:34:41"
"25493","ui","https://github.com/instructlab/ui","react-popper","0","8","2024","2024-8-25 18:34:41"
"25493","ui","https://github.com/instructlab/ui","react-query","0","8","2024","2024-8-25 18:34:41"
"25493","ui","https://github.com/instructlab/ui","typescript","0.2821917808219178","8","2024","2024-8-25 18:34:41"
"25493","ui","https://github.com/instructlab/ui","typescript-eslint","0.052054794520547946","8","2024","2024-8-25 18:34:41"
"25493","ui","https://github.com/instructlab/ui","uuid","0","8","2024","2024-8-25 18:34:41"
"25493","ui","https://github.com/instructlab/ui","winston","0","8","2024","2024-8-25 18:34:41"
"25494","gptdolomite","https://github.com/instructlab/gptdolomite","safetensors","0","8","2024","2024-8-25 18:34:41"
"25494","gptdolomite","https://github.com/instructlab/gptdolomite","torch","0","8","2024","2024-8-25 18:34:41"
"25494","gptdolomite","https://github.com/instructlab/gptdolomite","transformers","0","8","2024","2024-8-25 18:34:41"
"25499","mlx","https://github.com/ml-explore/mlx","cmake","0","8","2024","2024-8-25 18:34:43"
"25499","mlx","https://github.com/ml-explore/mlx","mlx","0","8","2024","2024-8-25 18:34:43"
"25499","mlx","https://github.com/ml-explore/mlx","nanobind","0","8","2024","2024-8-25 18:34:43"
"25499","mlx","https://github.com/ml-explore/mlx","setuptools","0","8","2024","2024-8-25 18:34:43"
"25500","keras-io","https://github.com/keras-team/keras-io","PyYAML","0","8","2024","2024-8-25 18:34:44"
"25500","keras-io","https://github.com/keras-team/keras-io","black","0","8","2024","2024-8-25 18:34:44"
"25500","keras-io","https://github.com/keras-team/keras-io","boto3","0","8","2024","2024-8-25 18:34:44"
"25500","keras-io","https://github.com/keras-team/keras-io","jinja2","0","8","2024","2024-8-25 18:34:44"
"25500","keras-io","https://github.com/keras-team/keras-io","jupyter","0","8","2024","2024-8-25 18:34:44"
"25500","keras-io","https://github.com/keras-team/keras-io","keras-cv","0","8","2024","2024-8-25 18:34:44"
"25500","keras-io","https://github.com/keras-team/keras-io","keras-nlp","0","8","2024","2024-8-25 18:34:44"
"25500","keras-io","https://github.com/keras-team/keras-io","keras-tuner","0","8","2024","2024-8-25 18:34:44"
"25500","keras-io","https://github.com/keras-team/keras-io","markdown","0","8","2024","2024-8-25 18:34:44"
"25500","keras-io","https://github.com/keras-team/keras-io","matplotlib","0","8","2024","2024-8-25 18:34:44"
"25500","keras-io","https://github.com/keras-team/keras-io","mdx_truly_sane_lists","0","8","2024","2024-8-25 18:34:44"
"25500","keras-io","https://github.com/keras-team/keras-io","pandas","0","8","2024","2024-8-25 18:34:44"
"25500","keras-io","https://github.com/keras-team/keras-io","pydot","0","8","2024","2024-8-25 18:34:44"
"25500","keras-io","https://github.com/keras-team/keras-io","pygments","0","8","2024","2024-8-25 18:34:44"
"25500","keras-io","https://github.com/keras-team/keras-io","requests","0","8","2024","2024-8-25 18:34:44"
"25500","keras-io","https://github.com/keras-team/keras-io","tensorflow","0","8","2024","2024-8-25 18:34:44"
"25500","keras-io","https://github.com/keras-team/keras-io","tf_keras","0","8","2024","2024-8-25 18:34:44"
"25501","pytorch","https://github.com/pytorch/pytorch","Python","1","8","2024","2024-8-25 18:35:14"
"25501","pytorch","https://github.com/pytorch/pytorch","astunparse","0","8","2024","2024-8-25 18:35:14"
"25501","pytorch","https://github.com/pytorch/pytorch","expecttest","0","8","2024","2024-8-25 18:35:14"
"25501","pytorch","https://github.com/pytorch/pytorch","filelock","0","8","2024","2024-8-25 18:35:14"
"25501","pytorch","https://github.com/pytorch/pytorch","fsspec","0","8","2024","2024-8-25 18:35:14"
"25501","pytorch","https://github.com/pytorch/pytorch","hypothesis","0","8","2024","2024-8-25 18:35:14"
"25501","pytorch","https://github.com/pytorch/pytorch","jinja2","0","8","2024","2024-8-25 18:35:14"
"25501","pytorch","https://github.com/pytorch/pytorch","lintrunner","0","8","2024","2024-8-25 18:35:14"
"25501","pytorch","https://github.com/pytorch/pytorch","networkx","0","8","2024","2024-8-25 18:35:14"
"25501","pytorch","https://github.com/pytorch/pytorch","ninja","0","8","2024","2024-8-25 18:35:14"
"25501","pytorch","https://github.com/pytorch/pytorch","numpy","0","8","2024","2024-8-25 18:35:14"
"25501","pytorch","https://github.com/pytorch/pytorch","optree","0","8","2024","2024-8-25 18:35:14"
"25501","pytorch","https://github.com/pytorch/pytorch","packaging","0","8","2024","2024-8-25 18:35:14"
"25501","pytorch","https://github.com/pytorch/pytorch","psutil","0","8","2024","2024-8-25 18:35:14"
"25501","pytorch","https://github.com/pytorch/pytorch","pyyaml","0","8","2024","2024-8-25 18:35:14"
"25501","pytorch","https://github.com/pytorch/pytorch","requests","0","8","2024","2024-8-25 18:35:14"
"25501","pytorch","https://github.com/pytorch/pytorch","setuptools","0","8","2024","2024-8-25 18:35:14"
"25501","pytorch","https://github.com/pytorch/pytorch","sympy","0.2","8","2024","2024-8-25 18:35:14"
"25501","pytorch","https://github.com/pytorch/pytorch","types-dataclasses","0","8","2024","2024-8-25 18:35:14"
"25501","pytorch","https://github.com/pytorch/pytorch","typing-extensions","0","8","2024","2024-8-25 18:35:14"
"25502","arrow","https://github.com/apache/arrow","Note","0","8","2024","2024-8-25 18:34:58"
"25502","arrow","https://github.com/apache/arrow","breathe","0","8","2024","2024-8-25 18:34:58"
"25502","arrow","https://github.com/apache/arrow","ipython","0","8","2024","2024-8-25 18:34:58"
"25502","arrow","https://github.com/apache/arrow","myst-parser","0","8","2024","2024-8-25 18:34:58"
"25502","arrow","https://github.com/apache/arrow","numpydoc","0","8","2024","2024-8-25 18:34:58"
"25502","arrow","https://github.com/apache/arrow","pandas","0","8","2024","2024-8-25 18:34:58"
"25502","arrow","https://github.com/apache/arrow","pydata-sphinx-theme","0","8","2024","2024-8-25 18:34:58"
"25502","arrow","https://github.com/apache/arrow","sphinx","0","8","2024","2024-8-25 18:34:58"
"25502","arrow","https://github.com/apache/arrow","sphinx-autobuild","0","8","2024","2024-8-25 18:34:58"
"25502","arrow","https://github.com/apache/arrow","sphinx-copybutton","0","8","2024","2024-8-25 18:34:58"
"25502","arrow","https://github.com/apache/arrow","sphinx-design","0","8","2024","2024-8-25 18:34:58"
"25502","arrow","https://github.com/apache/arrow","sphinx-lint","0","8","2024","2024-8-25 18:34:58"
"25502","arrow","https://github.com/apache/arrow","sphinxcontrib-mermaid","0","8","2024","2024-8-25 18:34:58"
"25504","tinygrad","https://github.com/tinygrad/tinygrad","numpy","0","8","2024","2024-8-25 18:34:46"
"25504","tinygrad","https://github.com/tinygrad/tinygrad","pyobjc-framework-Metal","0","8","2024","2024-8-25 18:34:46"
"25504","tinygrad","https://github.com/tinygrad/tinygrad","pyobjc-framework-libdispatch","0","8","2024","2024-8-25 18:34:46"
"25505","allennlp","https://github.com/allenai/allennlp","Core","1","8","2024","2024-8-25 18:34:45"
"25505","allennlp","https://github.com/allenai/allennlp","Extra","1","8","2024","2024-8-25 18:34:45"
"25505","allennlp","https://github.com/allenai/allennlp","NOTE","0","8","2024","2024-8-25 18:34:45"
"25505","allennlp","https://github.com/allenai/allennlp","Protobuf","0","8","2024","2024-8-25 18:34:45"
"25505","allennlp","https://github.com/allenai/allennlp","Spacy","0","8","2024","2024-8-25 18:34:45"
"25505","allennlp","https://github.com/allenai/allennlp","We","1","8","2024","2024-8-25 18:34:45"
"25505","allennlp","https://github.com/allenai/allennlp","base58","0","8","2024","2024-8-25 18:34:45"
"25505","allennlp","https://github.com/allenai/allennlp","cached-path","0","8","2024","2024-8-25 18:34:45"
"25505","allennlp","https://github.com/allenai/allennlp","checklist","0","8","2024","2024-8-25 18:34:45"
"25505","allennlp","https://github.com/allenai/allennlp","dataclasses","0","8","2024","2024-8-25 18:34:45"
"25505","allennlp","https://github.com/allenai/allennlp","dill","0","8","2024","2024-8-25 18:34:45"
"25505","allennlp","https://github.com/allenai/allennlp","each","0","8","2024","2024-8-25 18:34:45"
"25505","allennlp","https://github.com/allenai/allennlp","fairscale","0.7561643835616438","8","2024","2024-8-25 18:34:45"
"25505","allennlp","https://github.com/allenai/allennlp","filelock","0","8","2024","2024-8-25 18:34:45"
"25505","allennlp","https://github.com/allenai/allennlp","h5py","0","8","2024","2024-8-25 18:34:45"
"25505","allennlp","https://github.com/allenai/allennlp","huggingface_hub","0","8","2024","2024-8-25 18:34:45"
"25505","allennlp","https://github.com/allenai/allennlp","jsonnet","0","8","2024","2024-8-25 18:34:45"
"25505","allennlp","https://github.com/allenai/allennlp","lmdb","0","8","2024","2024-8-25 18:34:45"
"25505","allennlp","https://github.com/allenai/allennlp","more-itertools","0","8","2024","2024-8-25 18:34:45"
"25505","allennlp","https://github.com/allenai/allennlp","nltk","0","8","2024","2024-8-25 18:34:45"
"25505","allennlp","https://github.com/allenai/allennlp","numpy","0","8","2024","2024-8-25 18:34:45"
"25505","allennlp","https://github.com/allenai/allennlp","protobuf","0","8","2024","2024-8-25 18:34:45"
"25505","allennlp","https://github.com/allenai/allennlp","pytest","0","8","2024","2024-8-25 18:34:45"
"25505","allennlp","https://github.com/allenai/allennlp","requests","0","8","2024","2024-8-25 18:34:45"
"25505","allennlp","https://github.com/allenai/allennlp","sacremoses","0","8","2024","2024-8-25 18:34:45"
"25505","allennlp","https://github.com/allenai/allennlp","scikit-learn","0","8","2024","2024-8-25 18:34:45"
"25505","allennlp","https://github.com/allenai/allennlp","scipy","0","8","2024","2024-8-25 18:34:45"
"25505","allennlp","https://github.com/allenai/allennlp","sentencepiece","0","8","2024","2024-8-25 18:34:45"
"25505","allennlp","https://github.com/allenai/allennlp","spacy","0","8","2024","2024-8-25 18:34:45"
"25505","allennlp","https://github.com/allenai/allennlp","tensorboardX","0","8","2024","2024-8-25 18:34:45"
"25505","allennlp","https://github.com/allenai/allennlp","termcolor","12.887671232876713","8","2024","2024-8-25 18:34:45"
"25505","allennlp","https://github.com/allenai/allennlp","that","0","8","2024","2024-8-25 18:34:45"
"25505","allennlp","https://github.com/allenai/allennlp","torch","0","8","2024","2024-8-25 18:34:45"
"25505","allennlp","https://github.com/allenai/allennlp","torchvision","0","8","2024","2024-8-25 18:34:45"
"25505","allennlp","https://github.com/allenai/allennlp","tqdm","0","8","2024","2024-8-25 18:34:45"
"25505","allennlp","https://github.com/allenai/allennlp","traitlets","2.4821917808219176","8","2024","2024-8-25 18:34:45"
"25505","allennlp","https://github.com/allenai/allennlp","transformers","0","8","2024","2024-8-25 18:34:45"
"25505","allennlp","https://github.com/allenai/allennlp","typer","0","8","2024","2024-8-25 18:34:45"
"25505","allennlp","https://github.com/allenai/allennlp","wandb","0","8","2024","2024-8-25 18:34:45"
"25506","fasttext","https://github.com/facebookresearch/fasttext","pybind11","0","8","2024","2024-8-25 18:34:43"
"25510","sentence-transformers","https://github.com/ukplab/sentence-transformers","Jinja2","2.4876712328767123","8","2024","2024-8-25 18:34:46"
"25510","sentence-transformers","https://github.com/ukplab/sentence-transformers","Must","0","8","2024","2024-8-25 18:34:46"
"25510","sentence-transformers","https://github.com/ukplab/sentence-transformers","recommonmark","0","8","2024","2024-8-25 18:34:46"
"25510","sentence-transformers","https://github.com/ukplab/sentence-transformers","sphinx","3.3013698630136985","8","2024","2024-8-25 18:34:46"
"25510","sentence-transformers","https://github.com/ukplab/sentence-transformers","sphinx-copybutton","0","8","2024","2024-8-25 18:34:46"
"25510","sentence-transformers","https://github.com/ukplab/sentence-transformers","sphinx_inline_tabs","0","8","2024","2024-8-25 18:34:46"
"25510","sentence-transformers","https://github.com/ukplab/sentence-transformers","sphinx_markdown_tables","0","8","2024","2024-8-25 18:34:46"
"25511","transformers","https://github.com/huggingface/transformers","datasets","3.1835616438356165","8","2024","2024-8-25 18:35:03"
"25511","transformers","https://github.com/huggingface/transformers","git","1","8","2024","2024-8-25 18:35:03"
"25512","gensim","https://github.com/rare-technologies/gensim","NUMPY_STR","1","8","2024","2024-8-25 18:35:00"
"25512","gensim","https://github.com/rare-technologies/gensim","scipy","0","8","2024","2024-8-25 18:35:00"
"25512","gensim","https://github.com/rare-technologies/gensim","smart_open","0","8","2024","2024-8-25 18:35:00"
"25514","spacy","https://github.com/explosion/spacy","Development","1","8","2024","2024-8-25 18:35:01"
"25514","spacy","https://github.com/explosion/spacy","Official","1","8","2024","2024-8-25 18:35:01"
"25514","spacy","https://github.com/explosion/spacy","Our","1","8","2024","2024-8-25 18:35:01"
"25514","spacy","https://github.com/explosion/spacy","Third","1","8","2024","2024-8-25 18:35:01"
"25514","spacy","https://github.com/explosion/spacy","black","2.347945205479452","8","2024","2024-8-25 18:35:01"
"25514","spacy","https://github.com/explosion/spacy","catalogue","2.117808219178082","8","2024","2024-8-25 18:35:01"
"25514","spacy","https://github.com/explosion/spacy","cymem","7.380821917808219","8","2024","2024-8-25 18:35:01"
"25514","spacy","https://github.com/explosion/spacy","cython","8.063013698630137","8","2024","2024-8-25 18:35:01"
"25514","spacy","https://github.com/explosion/spacy","cython-lint","0","8","2024","2024-8-25 18:35:01"
"25514","spacy","https://github.com/explosion/spacy","flake8","4.772602739726027","8","2024","2024-8-25 18:35:01"
"25514","spacy","https://github.com/explosion/spacy","hypothesis","6.953424657534247","8","2024","2024-8-25 18:35:01"
"25514","spacy","https://github.com/explosion/spacy","isort","4.7972602739726025","8","2024","2024-8-25 18:35:01"
"25514","spacy","https://github.com/explosion/spacy","jinja2","0","8","2024","2024-8-25 18:35:01"
"25514","spacy","https://github.com/explosion/spacy","langcodes","3.147945205479452","8","2024","2024-8-25 18:35:01"
"25514","spacy","https://github.com/explosion/spacy","ml_datasets","1.021917808219178","8","2024","2024-8-25 18:35:01"
"25514","spacy","https://github.com/explosion/spacy","mock","7.96986301369863","8","2024","2024-8-25 18:35:01"
"25514","spacy","https://github.com/explosion/spacy","murmurhash","7.3780821917808215","8","2024","2024-8-25 18:35:01"
"25514","spacy","https://github.com/explosion/spacy","mypy","1.1643835616438356","8","2024","2024-8-25 18:35:01"
"25514","spacy","https://github.com/explosion/spacy","numpy","0","8","2024","2024-8-25 18:35:01"
"25514","spacy","https://github.com/explosion/spacy","packaging","0","8","2024","2024-8-25 18:35:01"
"25514","spacy","https://github.com/explosion/spacy","pre-commit","0","8","2024","2024-8-25 18:35:01"
"25514","spacy","https://github.com/explosion/spacy","preshed","3.978082191780822","8","2024","2024-8-25 18:35:01"
"25514","spacy","https://github.com/explosion/spacy","pydantic","0","8","2024","2024-8-25 18:35:01"
"25514","spacy","https://github.com/explosion/spacy","pytest","0","8","2024","2024-8-25 18:35:01"
"25514","spacy","https://github.com/explosion/spacy","pytest-timeout","6.273972602739726","8","2024","2024-8-25 18:35:01"
"25514","spacy","https://github.com/explosion/spacy","requests","7.364383561643836","8","2024","2024-8-25 18:35:01"
"25514","spacy","https://github.com/explosion/spacy","setuptools","0","8","2024","2024-8-25 18:35:01"
"25514","spacy","https://github.com/explosion/spacy","spacy-legacy","0.4328767123287671","8","2024","2024-8-25 18:35:01"
"25514","spacy","https://github.com/explosion/spacy","spacy-loggers","0","8","2024","2024-8-25 18:35:01"
"25514","spacy","https://github.com/explosion/spacy","srsly","1.915068493150685","8","2024","2024-8-25 18:35:01"
"25514","spacy","https://github.com/explosion/spacy","thinc","0.5753424657534246","8","2024","2024-8-25 18:35:01"
"25514","spacy","https://github.com/explosion/spacy","tqdm","4.761643835616439","8","2024","2024-8-25 18:35:01"
"25514","spacy","https://github.com/explosion/spacy","typer","4.331506849315068","8","2024","2024-8-25 18:35:01"
"25514","spacy","https://github.com/explosion/spacy","types-mock","0","8","2024","2024-8-25 18:35:01"
"25514","spacy","https://github.com/explosion/spacy","types-requests","0","8","2024","2024-8-25 18:35:01"
"25514","spacy","https://github.com/explosion/spacy","types-setuptools","0","8","2024","2024-8-25 18:35:01"
"25514","spacy","https://github.com/explosion/spacy","wasabi","2.484931506849315","8","2024","2024-8-25 18:35:01"
"25514","spacy","https://github.com/explosion/spacy","weasel","1.5972602739726027","8","2024","2024-8-25 18:35:01"
"25515","nltk","https://github.com/nltk/nltk","click","0","8","2024","2024-8-25 18:35:01"
"25515","nltk","https://github.com/nltk/nltk","joblib","0","8","2024","2024-8-25 18:35:01"
"25515","nltk","https://github.com/nltk/nltk","regex","0","8","2024","2024-8-25 18:35:01"
"25515","nltk","https://github.com/nltk/nltk","tqdm","0","8","2024","2024-8-25 18:35:01"
"25517","porcupine","https://github.com/picovoice/porcupine","parameterized","0","8","2024","2024-8-25 18:34:48"
"25518","mycroft-core","https://github.com/mycroftai/mycroft-core","pyxdg","0","8","2024","2024-8-25 18:34:58"
"25518","mycroft-core","https://github.com/mycroftai/mycroft-core","sphinx","0","8","2024","2024-8-25 18:34:58"
"25518","mycroft-core","https://github.com/mycroftai/mycroft-core","sphinx_rtd_theme","0","8","2024","2024-8-25 18:34:58"
"25519","open-assistant","https://github.com/laion-ai/open-assistant","Celery","2.441095890410959","8","2024","2024-8-25 18:34:59"
"25519","open-assistant","https://github.com/laion-ai/open-assistant","SQLAlchemy","1.9123287671232876","8","2024","2024-8-25 18:34:59"
"25519","open-assistant","https://github.com/laion-ai/open-assistant","aiohttp","1.9123287671232876","8","2024","2024-8-25 18:34:59"
"25519","open-assistant","https://github.com/laion-ai/open-assistant","alembic","1.9561643835616438","8","2024","2024-8-25 18:34:59"
"25519","open-assistant","https://github.com/laion-ai/open-assistant","asgiref","1.2547945205479452","8","2024","2024-8-25 18:34:59"
"25519","open-assistant","https://github.com/laion-ai/open-assistant","cryptography","1.1397260273972603","8","2024","2024-8-25 18:34:59"
"25519","open-assistant","https://github.com/laion-ai/open-assistant","fastapi","1.7424657534246575","8","2024","2024-8-25 18:34:59"
"25519","open-assistant","https://github.com/laion-ai/open-assistant","fastapi-limiter","1.1342465753424658","8","2024","2024-8-25 18:34:59"
"25519","open-assistant","https://github.com/laion-ai/open-assistant","fastapi-utils","4.263013698630137","8","2024","2024-8-25 18:34:59"
"25519","open-assistant","https://github.com/laion-ai/open-assistant","loguru","1.6164383561643836","8","2024","2024-8-25 18:34:59"
"25519","open-assistant","https://github.com/laion-ai/open-assistant","numpy","0","8","2024","2024-8-25 18:34:59"
"25519","open-assistant","https://github.com/laion-ai/open-assistant","prometheus-fastapi-instrumentator","1.5534246575342465","8","2024","2024-8-25 18:34:59"
"25519","open-assistant","https://github.com/laion-ai/open-assistant","psycopg2-binary","0.9397260273972603","8","2024","2024-8-25 18:34:59"
"25519","open-assistant","https://github.com/laion-ai/open-assistant","pydantic","1.284931506849315","8","2024","2024-8-25 18:34:59"
"25519","open-assistant","https://github.com/laion-ai/open-assistant","python-dotenv","1.3863013698630138","8","2024","2024-8-25 18:34:59"
"25519","open-assistant","https://github.com/laion-ai/open-assistant","python-jose","0","8","2024","2024-8-25 18:34:59"
"25519","open-assistant","https://github.com/laion-ai/open-assistant","redis","1.2301369863013698","8","2024","2024-8-25 18:34:59"
"25519","open-assistant","https://github.com/laion-ai/open-assistant","requests","1.021917808219178","8","2024","2024-8-25 18:34:59"
"25519","open-assistant","https://github.com/laion-ai/open-assistant","scipy","2.26027397260274","8","2024","2024-8-25 18:34:59"
"25519","open-assistant","https://github.com/laion-ai/open-assistant","sqlmodel","1.8904109589041096","8","2024","2024-8-25 18:34:59"
"25519","open-assistant","https://github.com/laion-ai/open-assistant","tqdm","0","8","2024","2024-8-25 18:34:59"
"25519","open-assistant","https://github.com/laion-ai/open-assistant","uuid7","0","8","2024","2024-8-25 18:34:59"
"25519","open-assistant","https://github.com/laion-ai/open-assistant","uvicorn","1.7287671232876711","8","2024","2024-8-25 18:34:59"
"25520","jarvis","https://github.com/sukeesh/jarvis","FlightRadarAPI","0","8","2024","2024-8-25 18:34:57"
"25520","jarvis","https://github.com/sukeesh/jarvis","IMDbPY","0","8","2024","2024-8-25 18:34:57"
"25520","jarvis","https://github.com/sukeesh/jarvis","Image","0","8","2024","2024-8-25 18:34:57"
"25520","jarvis","https://github.com/sukeesh/jarvis","archey4","0","8","2024","2024-8-25 18:34:57"
"25520","jarvis","https://github.com/sukeesh/jarvis","beautifulsoup4","0","8","2024","2024-8-25 18:34:57"
"25520","jarvis","https://github.com/sukeesh/jarvis","climage","0","8","2024","2024-8-25 18:34:57"
"25520","jarvis","https://github.com/sukeesh/jarvis","colorama","0","8","2024","2024-8-25 18:34:57"
"25520","jarvis","https://github.com/sukeesh/jarvis","distro","0","8","2024","2024-8-25 18:34:57"
"25520","jarvis","https://github.com/sukeesh/jarvis","flake8","0","8","2024","2024-8-25 18:34:57"
"25520","jarvis","https://github.com/sukeesh/jarvis","forex-python","0","8","2024","2024-8-25 18:34:57"
"25520","jarvis","https://github.com/sukeesh/jarvis","geopy","0","8","2024","2024-8-25 18:34:57"
"25520","jarvis","https://github.com/sukeesh/jarvis","github3.py","0","8","2024","2024-8-25 18:34:57"
"25520","jarvis","https://github.com/sukeesh/jarvis","gitpython","0","8","2024","2024-8-25 18:34:57"
"25520","jarvis","https://github.com/sukeesh/jarvis","googletrans","0","8","2024","2024-8-25 18:34:57"
"25520","jarvis","https://github.com/sukeesh/jarvis","gtts","0","8","2024","2024-8-25 18:34:57"
"25520","jarvis","https://github.com/sukeesh/jarvis","halo","0","8","2024","2024-8-25 18:34:57"
"25520","jarvis","https://github.com/sukeesh/jarvis","haversine","0","8","2024","2024-8-25 18:34:57"
"25520","jarvis","https://github.com/sukeesh/jarvis","img2pdf","0","8","2024","2024-8-25 18:34:57"
"25520","jarvis","https://github.com/sukeesh/jarvis","matplotlib","0","8","2024","2024-8-25 18:34:57"
"25520","jarvis","https://github.com/sukeesh/jarvis","mock","0","8","2024","2024-8-25 18:34:57"
"25520","jarvis","https://github.com/sukeesh/jarvis","nltk","0","8","2024","2024-8-25 18:34:57"
"25520","jarvis","https://github.com/sukeesh/jarvis","opencv-python-headless","0","8","2024","2024-8-25 18:34:57"
"25520","jarvis","https://github.com/sukeesh/jarvis","pathlib2","0","8","2024","2024-8-25 18:34:57"
"25520","jarvis","https://github.com/sukeesh/jarvis","pdf2image","0","8","2024","2024-8-25 18:34:57"
"25520","jarvis","https://github.com/sukeesh/jarvis","pdfkit","0","8","2024","2024-8-25 18:34:57"
"25520","jarvis","https://github.com/sukeesh/jarvis","pick","0","8","2024","2024-8-25 18:34:57"
"25520","jarvis","https://github.com/sukeesh/jarvis","playsound","0","8","2024","2024-8-25 18:34:57"
"25520","jarvis","https://github.com/sukeesh/jarvis","pluginmanager","0","8","2024","2024-8-25 18:34:57"
"25520","jarvis","https://github.com/sukeesh/jarvis","psutil","0","8","2024","2024-8-25 18:34:57"
"25520","jarvis","https://github.com/sukeesh/jarvis","pycricbuzz","0","8","2024","2024-8-25 18:34:57"
"25520","jarvis","https://github.com/sukeesh/jarvis","pydoc-markdown","0","8","2024","2024-8-25 18:34:57"
"25520","jarvis","https://github.com/sukeesh/jarvis","pyenchant","0","8","2024","2024-8-25 18:34:57"
"25520","jarvis","https://github.com/sukeesh/jarvis","pyjokes","0","8","2024","2024-8-25 18:34:57"
"25520","jarvis","https://github.com/sukeesh/jarvis","pync","0","8","2024","2024-8-25 18:34:57"
"25520","jarvis","https://github.com/sukeesh/jarvis","pypiwin32","0","8","2024","2024-8-25 18:34:57"
"25520","jarvis","https://github.com/sukeesh/jarvis","pyreadline","0","8","2024","2024-8-25 18:34:57"
"25520","jarvis","https://github.com/sukeesh/jarvis","python-dateutil","0","8","2024","2024-8-25 18:34:57"
"25520","jarvis","https://github.com/sukeesh/jarvis","python-nmap","0","8","2024","2024-8-25 18:34:57"
"25520","jarvis","https://github.com/sukeesh/jarvis","pytimeparse","0","8","2024","2024-8-25 18:34:57"
"25520","jarvis","https://github.com/sukeesh/jarvis","pyttsx3","0","8","2024","2024-8-25 18:34:57"
"25520","jarvis","https://github.com/sukeesh/jarvis","pywin32","0","8","2024","2024-8-25 18:34:57"
"25520","jarvis","https://github.com/sukeesh/jarvis","random-word","0","8","2024","2024-8-25 18:34:57"
"25520","jarvis","https://github.com/sukeesh/jarvis","requests","0","8","2024","2024-8-25 18:34:57"
"25520","jarvis","https://github.com/sukeesh/jarvis","speedtest-cli","0","8","2024","2024-8-25 18:34:57"
"25520","jarvis","https://github.com/sukeesh/jarvis","sympy","0","8","2024","2024-8-25 18:34:57"
"25520","jarvis","https://github.com/sukeesh/jarvis","tabulate","0","8","2024","2024-8-25 18:34:57"
"25520","jarvis","https://github.com/sukeesh/jarvis","termdown","0","8","2024","2024-8-25 18:34:57"
"25520","jarvis","https://github.com/sukeesh/jarvis","whois","0","8","2024","2024-8-25 18:34:57"
"25520","jarvis","https://github.com/sukeesh/jarvis","wikipedia","0","8","2024","2024-8-25 18:34:57"
"25520","jarvis","https://github.com/sukeesh/jarvis","win10toast","0","8","2024","2024-8-25 18:34:57"
"25520","jarvis","https://github.com/sukeesh/jarvis","windows-curses","0","8","2024","2024-8-25 18:34:57"
"25520","jarvis","https://github.com/sukeesh/jarvis","wonderwords","0","8","2024","2024-8-25 18:34:57"
"25520","jarvis","https://github.com/sukeesh/jarvis","yeelight","0","8","2024","2024-8-25 18:34:57"
"25522","ovos-core","https://github.com/openvoiceos/ovos-core","adapt-parser","0","8","2024","2024-8-25 18:35:00"
"25522","ovos-core","https://github.com/openvoiceos/ovos-core","combo-lock","0","8","2024","2024-8-25 18:35:00"
"25522","ovos-core","https://github.com/openvoiceos/ovos-core","ensure","0","8","2024","2024-8-25 18:35:00"
"25522","ovos-core","https://github.com/openvoiceos/ovos-core","ovos-backend-client","0","8","2024","2024-8-25 18:35:00"
"25522","ovos-core","https://github.com/openvoiceos/ovos-core","ovos-config","0","8","2024","2024-8-25 18:35:00"
"25522","ovos-core","https://github.com/openvoiceos/ovos-core","ovos-lingua-franca","0","8","2024","2024-8-25 18:35:00"
"25522","ovos-core","https://github.com/openvoiceos/ovos-core","ovos-plugin-manager","0","8","2024","2024-8-25 18:35:00"
"25522","ovos-core","https://github.com/openvoiceos/ovos-core","ovos-translate-server-plugin","0","8","2024","2024-8-25 18:35:00"
"25522","ovos-core","https://github.com/openvoiceos/ovos-core","ovos-utils","0","8","2024","2024-8-25 18:35:00"
"25522","ovos-core","https://github.com/openvoiceos/ovos-core","ovos-utterance-normalizer","0","8","2024","2024-8-25 18:35:00"
"25522","ovos-core","https://github.com/openvoiceos/ovos-core","ovos-workshop","0","8","2024","2024-8-25 18:35:00"
"25522","ovos-core","https://github.com/openvoiceos/ovos-core","ovos_bus_client","0","8","2024","2024-8-25 18:35:00"
"25522","ovos-core","https://github.com/openvoiceos/ovos-core","padacioso","0","8","2024","2024-8-25 18:35:00"
"25522","ovos-core","https://github.com/openvoiceos/ovos-core","python-dateutil","0","8","2024","2024-8-25 18:35:00"
"25522","ovos-core","https://github.com/openvoiceos/ovos-core","requests","0","8","2024","2024-8-25 18:35:00"
"25522","ovos-core","https://github.com/openvoiceos/ovos-core","watchdog","0","8","2024","2024-8-25 18:35:00"
"25523","rhasspy","https://github.com/rhasspy/rhasspy","Jinja2","4.063013698630137","8","2024","2024-8-25 18:34:56"
"25523","rhasspy","https://github.com/rhasspy/rhasspy","PyAudio","6.641095890410959","8","2024","2024-8-25 18:34:56"
"25523","rhasspy","https://github.com/rhasspy/rhasspy","aiofiles","5.8712328767123285","8","2024","2024-8-25 18:34:56"
"25523","rhasspy","https://github.com/rhasspy/rhasspy","aiohttp","3.4821917808219176","8","2024","2024-8-25 18:34:56"
"25523","rhasspy","https://github.com/rhasspy/rhasspy","dataclasses-json","4.243835616438356","8","2024","2024-8-25 18:34:56"
"25523","rhasspy","https://github.com/rhasspy/rhasspy","deepspeech","0","8","2024","2024-8-25 18:34:56"
"25523","rhasspy","https://github.com/rhasspy/rhasspy","detect-simd","0.7835616438356164","8","2024","2024-8-25 18:34:56"
"25523","rhasspy","https://github.com/rhasspy/rhasspy","hypercorn","3.967123287671233","8","2024","2024-8-25 18:34:56"
"25523","rhasspy","https://github.com/rhasspy/rhasspy","json5","4.071232876712329","8","2024","2024-8-25 18:34:56"
"25523","rhasspy","https://github.com/rhasspy/rhasspy","jsonlines","6.043835616438356","8","2024","2024-8-25 18:34:56"
"25523","rhasspy","https://github.com/rhasspy/rhasspy","larynx","0","8","2024","2024-8-25 18:34:56"
"25523","rhasspy","https://github.com/rhasspy/rhasspy","marko","3.4547945205479453","8","2024","2024-8-25 18:34:56"
"25523","rhasspy","https://github.com/rhasspy/rhasspy","mkdocs","0","8","2024","2024-8-25 18:34:56"
"25523","rhasspy","https://github.com/rhasspy/rhasspy","networkx","4.473972602739726","8","2024","2024-8-25 18:34:56"
"25523","rhasspy","https://github.com/rhasspy/rhasspy","num2words","4.435616438356164","8","2024","2024-8-25 18:34:56"
"25523","rhasspy","https://github.com/rhasspy/rhasspy","paho-mqtt","4.498630136986302","8","2024","2024-8-25 18:34:56"
"25523","rhasspy","https://github.com/rhasspy/rhasspy","pocketsphinx","5.572602739726028","8","2024","2024-8-25 18:34:56"
"25523","rhasspy","https://github.com/rhasspy/rhasspy","pvporcupine","0","8","2024","2024-8-25 18:34:56"
"25523","rhasspy","https://github.com/rhasspy/rhasspy","pydash","4.671232876712328","8","2024","2024-8-25 18:34:56"
"25523","rhasspy","https://github.com/rhasspy/rhasspy","pyparsing","4.389041095890411","8","2024","2024-8-25 18:34:56"
"25523","rhasspy","https://github.com/rhasspy/rhasspy","python_speech_features","0","8","2024","2024-8-25 18:34:56"
"25523","rhasspy","https://github.com/rhasspy/rhasspy","pyyaml","3.5452054794520547","8","2024","2024-8-25 18:34:56"
"25523","rhasspy","https://github.com/rhasspy/rhasspy","quart","4.23013698630137","8","2024","2024-8-25 18:34:56"
"25523","rhasspy","https://github.com/rhasspy/rhasspy","quart-cors","3.6191780821917807","8","2024","2024-8-25 18:34:56"
"25523","rhasspy","https://github.com/rhasspy/rhasspy","rapidfuzz","3.4821917808219176","8","2024","2024-8-25 18:34:56"
"25523","rhasspy","https://github.com/rhasspy/rhasspy","scipy","4.131506849315069","8","2024","2024-8-25 18:34:56"
"25523","rhasspy","https://github.com/rhasspy/rhasspy","swagger-ui-py","3.5342465753424657","8","2024","2024-8-25 18:34:56"
"25523","rhasspy","https://github.com/rhasspy/rhasspy","wavchunk","0","8","2024","2024-8-25 18:34:56"
"25523","rhasspy","https://github.com/rhasspy/rhasspy","webrtcvad","0","8","2024","2024-8-25 18:34:56"
"25524","bitsandbytes","https://github.com/timdettmers/bitsandbytes","torch","0","8","2024","2024-8-25 18:34:48"
"25525","trl","https://github.com/huggingface/trl","accelerate","0","8","2024","2024-8-25 18:34:59"
"25525","trl","https://github.com/huggingface/trl","datasets","0","8","2024","2024-8-25 18:34:59"
"25525","trl","https://github.com/huggingface/trl","peft","0","8","2024","2024-8-25 18:34:59"
"25525","trl","https://github.com/huggingface/trl","torch","0","8","2024","2024-8-25 18:34:59"
"25525","trl","https://github.com/huggingface/trl","tqdm","0","8","2024","2024-8-25 18:34:59"
"25525","trl","https://github.com/huggingface/trl","transformers","0","8","2024","2024-8-25 18:34:59"
"25525","trl","https://github.com/huggingface/trl","tyro","0","8","2024","2024-8-25 18:34:59"
"25529","text-to-text-transfer-transformer","https://github.com/google-research/text-to-text-transfer-transformer","absl-py","0","8","2024","2024-8-25 18:35:12"
"25529","text-to-text-transfer-transformer","https://github.com/google-research/text-to-text-transfer-transformer","babel","0","8","2024","2024-8-25 18:35:12"
"25529","text-to-text-transfer-transformer","https://github.com/google-research/text-to-text-transfer-transformer","editdistance","0","8","2024","2024-8-25 18:35:12"
"25529","text-to-text-transfer-transformer","https://github.com/google-research/text-to-text-transfer-transformer","gin-config","0","8","2024","2024-8-25 18:35:12"
"25529","text-to-text-transfer-transformer","https://github.com/google-research/text-to-text-transfer-transformer","immutabledict","0","8","2024","2024-8-25 18:35:12"
"25529","text-to-text-transfer-transformer","https://github.com/google-research/text-to-text-transfer-transformer","mesh-tensorflow","0","8","2024","2024-8-25 18:35:12"
"25530","deepspeed","https://github.com/microsoft/deepspeed","hjson","0","8","2024","2024-8-25 18:35:00"
"25530","deepspeed","https://github.com/microsoft/deepspeed","ninja","0","8","2024","2024-8-25 18:35:00"
"25530","deepspeed","https://github.com/microsoft/deepspeed","numpy","0","8","2024","2024-8-25 18:35:00"
"25530","deepspeed","https://github.com/microsoft/deepspeed","nvidia-ml-py","0","8","2024","2024-8-25 18:35:00"
"25530","deepspeed","https://github.com/microsoft/deepspeed","packaging","0","8","2024","2024-8-25 18:35:00"
"25530","deepspeed","https://github.com/microsoft/deepspeed","psutil","0","8","2024","2024-8-25 18:35:00"
"25530","deepspeed","https://github.com/microsoft/deepspeed","py-cpuinfo","0","8","2024","2024-8-25 18:35:00"
"25530","deepspeed","https://github.com/microsoft/deepspeed","pydantic","0","8","2024","2024-8-25 18:35:00"
"25530","deepspeed","https://github.com/microsoft/deepspeed","torch","0","8","2024","2024-8-25 18:35:00"
"25530","deepspeed","https://github.com/microsoft/deepspeed","tqdm","0","8","2024","2024-8-25 18:35:00"
"25532","llama","https://github.com/meta-llama/llama","fairscale","0","8","2024","2024-8-25 18:34:58"
"25532","llama","https://github.com/meta-llama/llama","fire","0","8","2024","2024-8-25 18:34:58"
"25532","llama","https://github.com/meta-llama/llama","sentencepiece","0","8","2024","2024-8-25 18:34:58"
"25532","llama","https://github.com/meta-llama/llama","torch","0","8","2024","2024-8-25 18:34:58"
"25534","nemo","https://github.com/nvidia/nemo","nemo_toolkit","0","8","2024","2024-8-25 18:35:06"
"25534","nemo","https://github.com/nvidia/nemo","prettyprinter","0","8","2024","2024-8-25 18:35:06"
"25534","nemo","https://github.com/nvidia/nemo","pytest","0","8","2024","2024-8-25 18:35:06"
"25535","milvus","https://github.com/milvus-io/milvus","Faker","1.093150684931507","8","2024","2024-8-25 18:35:11"
"25535","milvus","https://github.com/milvus-io/milvus","allure-pytest","0","8","2024","2024-8-25 18:35:11"
"25535","milvus","https://github.com/milvus-io/milvus","extra-index-url","1","8","2024","2024-8-25 18:35:11"
"25535","milvus","https://github.com/milvus-io/milvus","for","1","8","2024","2024-8-25 18:35:11"
"25535","milvus","https://github.com/milvus-io/milvus","minio","1.4027397260273973","8","2024","2024-8-25 18:35:11"
"25535","milvus","https://github.com/milvus-io/milvus","ml-dtypes","0.821917808219178","8","2024","2024-8-25 18:35:11"
"25535","milvus","https://github.com/milvus-io/milvus","numpy","0","8","2024","2024-8-25 18:35:11"
"25535","milvus","https://github.com/milvus-io/milvus","pymilvus","0","8","2024","2024-8-25 18:35:11"
"25535","milvus","https://github.com/milvus-io/milvus","pytest","0","8","2024","2024-8-25 18:35:11"
"25535","milvus","https://github.com/milvus-io/milvus","pytest-xdist","2.3835616438356166","8","2024","2024-8-25 18:35:11"
"25535","milvus","https://github.com/milvus-io/milvus","pyyaml","0","8","2024","2024-8-25 18:35:11"
"25535","milvus","https://github.com/milvus-io/milvus","requests","1.021917808219178","8","2024","2024-8-25 18:35:11"
"25535","milvus","https://github.com/milvus-io/milvus","scikit-learn","0","8","2024","2024-8-25 18:35:11"
"25535","milvus","https://github.com/milvus-io/milvus","tenacity","1.8520547945205479","8","2024","2024-8-25 18:35:11"
"25535","milvus","https://github.com/milvus-io/milvus","urllib3","0.6657534246575343","8","2024","2024-8-25 18:35:11"
"25538","semantic-kernel","https://github.com/microsoft/semantic-kernel","bert_score","0","8","2024","2024-8-25 18:35:04"
"25538","semantic-kernel","https://github.com/microsoft/semantic-kernel","cmake","0","8","2024","2024-8-25 18:35:04"
"25538","semantic-kernel","https://github.com/microsoft/semantic-kernel","evaluate","0","8","2024","2024-8-25 18:35:04"
"25538","semantic-kernel","https://github.com/microsoft/semantic-kernel","fastapi","0","8","2024","2024-8-25 18:35:04"
"25538","semantic-kernel","https://github.com/microsoft/semantic-kernel","nltk","0","8","2024","2024-8-25 18:35:04"
"25538","semantic-kernel","https://github.com/microsoft/semantic-kernel","pydantic","0","8","2024","2024-8-25 18:35:04"
"25538","semantic-kernel","https://github.com/microsoft/semantic-kernel","unbabel-comet","0","8","2024","2024-8-25 18:35:04"
"25538","semantic-kernel","https://github.com/microsoft/semantic-kernel","uvicorn","0","8","2024","2024-8-25 18:35:04"
"25539","stable-diffusion-webui","https://github.com/automatic1111/stable-diffusion-webui","GitPython","0","8","2024","2024-8-25 18:35:05"
"25539","stable-diffusion-webui","https://github.com/automatic1111/stable-diffusion-webui","Pillow","0","8","2024","2024-8-25 18:35:05"
"25539","stable-diffusion-webui","https://github.com/automatic1111/stable-diffusion-webui","accelerate","0","8","2024","2024-8-25 18:35:05"
"25539","stable-diffusion-webui","https://github.com/automatic1111/stable-diffusion-webui","blendmodes","0","8","2024","2024-8-25 18:35:05"
"25539","stable-diffusion-webui","https://github.com/automatic1111/stable-diffusion-webui","clean-fid","0","8","2024","2024-8-25 18:35:05"
"25539","stable-diffusion-webui","https://github.com/automatic1111/stable-diffusion-webui","diskcache","0","8","2024","2024-8-25 18:35:05"
"25539","stable-diffusion-webui","https://github.com/automatic1111/stable-diffusion-webui","einops","0","8","2024","2024-8-25 18:35:05"
"25539","stable-diffusion-webui","https://github.com/automatic1111/stable-diffusion-webui","facexlib","0","8","2024","2024-8-25 18:35:05"
"25539","stable-diffusion-webui","https://github.com/automatic1111/stable-diffusion-webui","fastapi","0","8","2024","2024-8-25 18:35:05"
"25539","stable-diffusion-webui","https://github.com/automatic1111/stable-diffusion-webui","gradio","0.989041095890411","8","2024","2024-8-25 18:35:05"
"25539","stable-diffusion-webui","https://github.com/automatic1111/stable-diffusion-webui","inflection","0","8","2024","2024-8-25 18:35:05"
"25539","stable-diffusion-webui","https://github.com/automatic1111/stable-diffusion-webui","jsonmerge","0","8","2024","2024-8-25 18:35:05"
"25539","stable-diffusion-webui","https://github.com/automatic1111/stable-diffusion-webui","kornia","0","8","2024","2024-8-25 18:35:05"
"25539","stable-diffusion-webui","https://github.com/automatic1111/stable-diffusion-webui","lark","0","8","2024","2024-8-25 18:35:05"
"25539","stable-diffusion-webui","https://github.com/automatic1111/stable-diffusion-webui","numpy","0","8","2024","2024-8-25 18:35:05"
"25539","stable-diffusion-webui","https://github.com/automatic1111/stable-diffusion-webui","omegaconf","0","8","2024","2024-8-25 18:35:05"
"25539","stable-diffusion-webui","https://github.com/automatic1111/stable-diffusion-webui","open-clip-torch","0","8","2024","2024-8-25 18:35:05"
"25539","stable-diffusion-webui","https://github.com/automatic1111/stable-diffusion-webui","piexif","0","8","2024","2024-8-25 18:35:05"
"25539","stable-diffusion-webui","https://github.com/automatic1111/stable-diffusion-webui","pillow-avif-plugin","0.43561643835616437","8","2024","2024-8-25 18:35:05"
"25539","stable-diffusion-webui","https://github.com/automatic1111/stable-diffusion-webui","protobuf","2.3315068493150686","8","2024","2024-8-25 18:35:05"
"25539","stable-diffusion-webui","https://github.com/automatic1111/stable-diffusion-webui","psutil","0","8","2024","2024-8-25 18:35:05"
"25539","stable-diffusion-webui","https://github.com/automatic1111/stable-diffusion-webui","pytorch_lightning","0","8","2024","2024-8-25 18:35:05"
"25539","stable-diffusion-webui","https://github.com/automatic1111/stable-diffusion-webui","requests","0","8","2024","2024-8-25 18:35:05"
"25539","stable-diffusion-webui","https://github.com/automatic1111/stable-diffusion-webui","resize-right","0","8","2024","2024-8-25 18:35:05"
"25539","stable-diffusion-webui","https://github.com/automatic1111/stable-diffusion-webui","safetensors","0","8","2024","2024-8-25 18:35:05"
"25539","stable-diffusion-webui","https://github.com/automatic1111/stable-diffusion-webui","scikit-image","0","8","2024","2024-8-25 18:35:05"
"25539","stable-diffusion-webui","https://github.com/automatic1111/stable-diffusion-webui","tomesd","0","8","2024","2024-8-25 18:35:05"
"25539","stable-diffusion-webui","https://github.com/automatic1111/stable-diffusion-webui","torch","0","8","2024","2024-8-25 18:35:05"
"25539","stable-diffusion-webui","https://github.com/automatic1111/stable-diffusion-webui","torchdiffeq","0","8","2024","2024-8-25 18:35:05"
"25539","stable-diffusion-webui","https://github.com/automatic1111/stable-diffusion-webui","torchsde","0","8","2024","2024-8-25 18:35:05"
"25539","stable-diffusion-webui","https://github.com/automatic1111/stable-diffusion-webui","transformers","1.1917808219178083","8","2024","2024-8-25 18:35:05"
"25540","peft","https://github.com/huggingface/peft","accelerate","0","8","2024","2024-8-25 18:35:02"
"25540","peft","https://github.com/huggingface/peft","bitsandbytes","0","8","2024","2024-8-25 18:35:02"
"25540","peft","https://github.com/huggingface/peft","datasets","0","8","2024","2024-8-25 18:35:02"
"25540","peft","https://github.com/huggingface/peft","numpy","0","8","2024","2024-8-25 18:35:02"
"25540","peft","https://github.com/huggingface/peft","packaging","0","8","2024","2024-8-25 18:35:02"
"25540","peft","https://github.com/huggingface/peft","peft","0","8","2024","2024-8-25 18:35:02"
"25540","peft","https://github.com/huggingface/peft","psutil","0","8","2024","2024-8-25 18:35:02"
"25540","peft","https://github.com/huggingface/peft","pytest","0","8","2024","2024-8-25 18:35:02"
"25540","peft","https://github.com/huggingface/peft","pyyaml","0","8","2024","2024-8-25 18:35:02"
"25540","peft","https://github.com/huggingface/peft","safetensors","0","8","2024","2024-8-25 18:35:02"
"25540","peft","https://github.com/huggingface/peft","scipy","0","8","2024","2024-8-25 18:35:02"
"25540","peft","https://github.com/huggingface/peft","setuptools","0","8","2024","2024-8-25 18:35:02"
"25540","peft","https://github.com/huggingface/peft","torch","0","8","2024","2024-8-25 18:35:02"
"25540","peft","https://github.com/huggingface/peft","tqdm","0","8","2024","2024-8-25 18:35:02"
"25540","peft","https://github.com/huggingface/peft","transformers","0","8","2024","2024-8-25 18:35:02"
"25541","langchain","https://github.com/langchain-ai/langchain","autodoc_pydantic","1.536986301369863","8","2024","2024-8-25 18:35:09"
"25541","langchain","https://github.com/langchain-ai/langchain","libs","0","8","2024","2024-8-25 18:35:09"
"25541","langchain","https://github.com/langchain-ai/langchain","myst_nb","0","8","2024","2024-8-25 18:35:09"
"25541","langchain","https://github.com/langchain-ai/langchain","myst_parser","0","8","2024","2024-8-25 18:35:09"
"25541","langchain","https://github.com/langchain-ai/langchain","nbsphinx","2.191780821917808","8","2024","2024-8-25 18:35:09"
"25541","langchain","https://github.com/langchain-ai/langchain","pydantic","1.895890410958904","8","2024","2024-8-25 18:35:09"
"25541","langchain","https://github.com/langchain-ai/langchain","pydata-sphinx-theme","1.3068493150684932","8","2024","2024-8-25 18:35:09"
"25541","langchain","https://github.com/langchain-ai/langchain","sphinx","0","8","2024","2024-8-25 18:35:09"
"25541","langchain","https://github.com/langchain-ai/langchain","sphinx-autobuild","3.0931506849315067","8","2024","2024-8-25 18:35:09"
"25541","langchain","https://github.com/langchain-ai/langchain","sphinx-panels","0","8","2024","2024-8-25 18:35:09"
"25541","langchain","https://github.com/langchain-ai/langchain","sphinx-typlog-theme","0","8","2024","2024-8-25 18:35:09"
"25541","langchain","https://github.com/langchain-ai/langchain","sphinx_copybutton","0","8","2024","2024-8-25 18:35:09"
"25541","langchain","https://github.com/langchain-ai/langchain","sphinx_rtd_theme","2.2054794520547945","8","2024","2024-8-25 18:35:09"
"25541","langchain","https://github.com/langchain-ai/langchain","toml","0","8","2024","2024-8-25 18:35:09"
"25542","qdrant","https://github.com/qdrant/qdrant","This","1","7","2024","2024-7-1 23:26:43"
"25542","qdrant","https://github.com/qdrant/qdrant","cachetools","0","7","2024","2024-7-1 23:26:43"
"25542","qdrant","https://github.com/qdrant/qdrant","certifi","0.3315068493150685","7","2024","2024-7-1 23:26:43"
"25542","qdrant","https://github.com/qdrant/qdrant","cffi","0","7","2024","2024-7-1 23:26:43"
"25542","qdrant","https://github.com/qdrant/qdrant","charset-normalizer","0","7","2024","2024-7-1 23:26:43"
"25542","qdrant","https://github.com/qdrant/qdrant","cryptography","0.07945205479452055","7","2024","2024-7-1 23:26:43"
"25542","qdrant","https://github.com/qdrant/qdrant","google-api-core","0.14794520547945206","7","2024","2024-7-1 23:26:43"
"25542","qdrant","https://github.com/qdrant/qdrant","google-auth","0.27945205479452057","7","2024","2024-7-1 23:26:43"
"25542","qdrant","https://github.com/qdrant/qdrant","googleapis-common-protos","0.2876712328767123","7","2024","2024-7-1 23:26:43"
"25542","qdrant","https://github.com/qdrant/qdrant","grpc-interceptor","0","7","2024","2024-7-1 23:26:43"
"25542","qdrant","https://github.com/qdrant/qdrant","grpc-requests","0","7","2024","2024-7-1 23:26:43"
"25542","qdrant","https://github.com/qdrant/qdrant","grpcio","0.038356164383561646","7","2024","2024-7-1 23:26:43"
"25542","qdrant","https://github.com/qdrant/qdrant","grpcio-reflection","0","7","2024","2024-7-1 23:26:43"
"25542","qdrant","https://github.com/qdrant/qdrant","idna","0","7","2024","2024-7-1 23:26:43"
"25542","qdrant","https://github.com/qdrant/qdrant","iniconfig","0","7","2024","2024-7-1 23:26:43"
"25542","qdrant","https://github.com/qdrant/qdrant","packaging","0.2493150684931507","7","2024","2024-7-1 23:26:43"
"25542","qdrant","https://github.com/qdrant/qdrant","pluggy","0","7","2024","2024-7-1 23:26:43"
"25542","qdrant","https://github.com/qdrant/qdrant","proto-plus","0.5315068493150685","7","2024","2024-7-1 23:26:43"
"25542","qdrant","https://github.com/qdrant/qdrant","protobuf","0.3561643835616438","7","2024","2024-7-1 23:26:43"
"25542","qdrant","https://github.com/qdrant/qdrant","pyasn1","0","7","2024","2024-7-1 23:26:43"
"25542","qdrant","https://github.com/qdrant/qdrant","pyasn1-modules","0","7","2024","2024-7-1 23:26:43"
"25542","qdrant","https://github.com/qdrant/qdrant","pycparser","0","7","2024","2024-7-1 23:26:43"
"25542","qdrant","https://github.com/qdrant/qdrant","pyjwt","0","7","2024","2024-7-1 23:26:43"
"25542","qdrant","https://github.com/qdrant/qdrant","pytest","0.0410958904109589","7","2024","2024-7-1 23:26:43"
"25542","qdrant","https://github.com/qdrant/qdrant","requests","0.021917808219178082","7","2024","2024-7-1 23:26:43"
"25542","qdrant","https://github.com/qdrant/qdrant","requirements.in","1","7","2024","2024-7-1 23:26:43"
"25542","qdrant","https://github.com/qdrant/qdrant","rsa","0","7","2024","2024-7-1 23:26:43"
"25542","qdrant","https://github.com/qdrant/qdrant","urllib3","0.3287671232876712","7","2024","2024-7-1 23:26:43"
"25542","qdrant","https://github.com/qdrant/qdrant","uv","0","7","2024","2024-7-1 23:26:43"
"25542","qdrant","https://github.com/qdrant/qdrant","via","0","7","2024","2024-7-1 23:26:43"
"25543","imagen-pytorch","https://github.com/lucidrains/imagen-pytorch","accelerate","0","8","2024","2024-8-25 18:35:02"
"25543","imagen-pytorch","https://github.com/lucidrains/imagen-pytorch","beartype","0","8","2024","2024-8-25 18:35:02"
"25543","imagen-pytorch","https://github.com/lucidrains/imagen-pytorch","click","0","8","2024","2024-8-25 18:35:02"
"25543","imagen-pytorch","https://github.com/lucidrains/imagen-pytorch","datasets","0","8","2024","2024-8-25 18:35:02"
"25543","imagen-pytorch","https://github.com/lucidrains/imagen-pytorch","einops","0","8","2024","2024-8-25 18:35:02"
"25543","imagen-pytorch","https://github.com/lucidrains/imagen-pytorch","ema-pytorch","0","8","2024","2024-8-25 18:35:02"
"25543","imagen-pytorch","https://github.com/lucidrains/imagen-pytorch","fsspec","0","8","2024","2024-8-25 18:35:02"
"25543","imagen-pytorch","https://github.com/lucidrains/imagen-pytorch","kornia","0","8","2024","2024-8-25 18:35:02"
"25543","imagen-pytorch","https://github.com/lucidrains/imagen-pytorch","numpy","0","8","2024","2024-8-25 18:35:02"
"25543","imagen-pytorch","https://github.com/lucidrains/imagen-pytorch","packaging","0","8","2024","2024-8-25 18:35:02"
"25543","imagen-pytorch","https://github.com/lucidrains/imagen-pytorch","pillow","0","8","2024","2024-8-25 18:35:02"
"25543","imagen-pytorch","https://github.com/lucidrains/imagen-pytorch","pydantic","0","8","2024","2024-8-25 18:35:02"
"25543","imagen-pytorch","https://github.com/lucidrains/imagen-pytorch","pytorch-warmup","0","8","2024","2024-8-25 18:35:02"
"25543","imagen-pytorch","https://github.com/lucidrains/imagen-pytorch","sentencepiece","0","8","2024","2024-8-25 18:35:02"
"25543","imagen-pytorch","https://github.com/lucidrains/imagen-pytorch","torch","0","8","2024","2024-8-25 18:35:02"
"25543","imagen-pytorch","https://github.com/lucidrains/imagen-pytorch","torchvision","0","8","2024","2024-8-25 18:35:02"
"25543","imagen-pytorch","https://github.com/lucidrains/imagen-pytorch","tqdm","0","8","2024","2024-8-25 18:35:02"
"25543","imagen-pytorch","https://github.com/lucidrains/imagen-pytorch","transformers","0","8","2024","2024-8-25 18:35:02"
"25545","chroma","https://github.com/chroma-core/chroma","PyYAML","0","8","2024","2024-8-25 18:35:03"
"25545","chroma","https://github.com/chroma-core/chroma","bcrypt","0","8","2024","2024-8-25 18:35:03"
"25545","chroma","https://github.com/chroma-core/chroma","chroma-hnswlib","0","8","2024","2024-8-25 18:35:03"
"25545","chroma","https://github.com/chroma-core/chroma","fastapi","0","8","2024","2024-8-25 18:35:03"
"25545","chroma","https://github.com/chroma-core/chroma","graphlib_backport","3.3753424657534246","8","2024","2024-8-25 18:35:03"
"25545","chroma","https://github.com/chroma-core/chroma","grpcio","0","8","2024","2024-8-25 18:35:03"
"25545","chroma","https://github.com/chroma-core/chroma","httpx","0","8","2024","2024-8-25 18:35:03"
"25545","chroma","https://github.com/chroma-core/chroma","importlib-resources","0","8","2024","2024-8-25 18:35:03"
"25545","chroma","https://github.com/chroma-core/chroma","kubernetes","0","8","2024","2024-8-25 18:35:03"
"25545","chroma","https://github.com/chroma-core/chroma","mmh3","0","8","2024","2024-8-25 18:35:03"
"25545","chroma","https://github.com/chroma-core/chroma","numpy","0","8","2024","2024-8-25 18:35:03"
"25545","chroma","https://github.com/chroma-core/chroma","onnxruntime","0","8","2024","2024-8-25 18:35:03"
"25545","chroma","https://github.com/chroma-core/chroma","opentelemetry-api","0","8","2024","2024-8-25 18:35:03"
"25545","chroma","https://github.com/chroma-core/chroma","opentelemetry-exporter-otlp-proto-grpc","0","8","2024","2024-8-25 18:35:03"
"25545","chroma","https://github.com/chroma-core/chroma","opentelemetry-instrumentation-fastapi","0","8","2024","2024-8-25 18:35:03"
"25545","chroma","https://github.com/chroma-core/chroma","opentelemetry-sdk","0","8","2024","2024-8-25 18:35:03"
"25545","chroma","https://github.com/chroma-core/chroma","orjson","0","8","2024","2024-8-25 18:35:03"
"25545","chroma","https://github.com/chroma-core/chroma","overrides","0","8","2024","2024-8-25 18:35:03"
"25545","chroma","https://github.com/chroma-core/chroma","posthog","0","8","2024","2024-8-25 18:35:03"
"25545","chroma","https://github.com/chroma-core/chroma","pydantic","0","8","2024","2024-8-25 18:35:03"
"25545","chroma","https://github.com/chroma-core/chroma","pypika","0","8","2024","2024-8-25 18:35:03"
"25545","chroma","https://github.com/chroma-core/chroma","rich","0","8","2024","2024-8-25 18:35:03"
"25545","chroma","https://github.com/chroma-core/chroma","tenacity","0","8","2024","2024-8-25 18:35:03"
"25545","chroma","https://github.com/chroma-core/chroma","tokenizers","0","8","2024","2024-8-25 18:35:03"
"25545","chroma","https://github.com/chroma-core/chroma","tqdm","0","8","2024","2024-8-25 18:35:03"
"25545","chroma","https://github.com/chroma-core/chroma","typer","0","8","2024","2024-8-25 18:35:03"
"25545","chroma","https://github.com/chroma-core/chroma","typing_extensions","0","8","2024","2024-8-25 18:35:03"
"25545","chroma","https://github.com/chroma-core/chroma","uvicorn","0","8","2024","2024-8-25 18:35:03"
"25546","lora","https://github.com/microsoft/lora","datasets","0","8","2024","2024-8-25 18:35:02"
"25546","lora","https://github.com/microsoft/lora","nltk","0","8","2024","2024-8-25 18:35:02"
"25546","lora","https://github.com/microsoft/lora","protobuf","0","8","2024","2024-8-25 18:35:02"
"25546","lora","https://github.com/microsoft/lora","rouge-score","0","8","2024","2024-8-25 18:35:02"
"25546","lora","https://github.com/microsoft/lora","sacrebleu","0","8","2024","2024-8-25 18:35:02"
"25546","lora","https://github.com/microsoft/lora","sentencepiece","0","8","2024","2024-8-25 18:35:02"
"25557","polars","https://github.com/pola-rs/polars","altair","0","8","2024","2024-8-25 18:35:15"
"25557","polars","https://github.com/pola-rs/polars","graphviz","0","8","2024","2024-8-25 18:35:15"
"25557","polars","https://github.com/pola-rs/polars","markdown-exec","0","8","2024","2024-8-25 18:35:15"
"25557","polars","https://github.com/pola-rs/polars","material-plausible-plugin","0","8","2024","2024-8-25 18:35:15"
"25557","polars","https://github.com/pola-rs/polars","matplotlib","0","8","2024","2024-8-25 18:35:15"
"25557","polars","https://github.com/pola-rs/polars","mkdocs-macros-plugin","0","8","2024","2024-8-25 18:35:15"
"25557","polars","https://github.com/pola-rs/polars","mkdocs-material","0.18356164383561643","8","2024","2024-8-25 18:35:15"
"25557","polars","https://github.com/pola-rs/polars","mkdocs-redirects","0","8","2024","2024-8-25 18:35:15"
"25557","polars","https://github.com/pola-rs/polars","numba","0","8","2024","2024-8-25 18:35:15"
"25557","polars","https://github.com/pola-rs/polars","numpy","0","8","2024","2024-8-25 18:35:15"
"25557","polars","https://github.com/pola-rs/polars","pandas","0","8","2024","2024-8-25 18:35:15"
"25557","polars","https://github.com/pola-rs/polars","plotly","0","8","2024","2024-8-25 18:35:15"
"25557","polars","https://github.com/pola-rs/polars","pyarrow","0","8","2024","2024-8-25 18:35:15"
"25557","polars","https://github.com/pola-rs/polars","pygithub","0","8","2024","2024-8-25 18:35:15"
"25557","polars","https://github.com/pola-rs/polars","seaborn","0","8","2024","2024-8-25 18:35:15"
