"repo_id","programming_language","repo_git","lines"
"1","Python","https://github.com/chaoss/augur","518623"
"1","SQL","https://github.com/chaoss/augur","368823"
"1","Jinja","https://github.com/chaoss/augur","28063"
"1","CSS","https://github.com/chaoss/augur","8091"
"1","HTML","https://github.com/chaoss/augur","2210"
"1","Makefile","https://github.com/chaoss/augur","1581"
"1","INI","https://github.com/chaoss/augur","676"
"1","Mako","https://github.com/chaoss/augur","221"
"1","JavaScript","https://github.com/chaoss/augur","195"
"1","Autoconf","https://github.com/chaoss/augur","52"
"25480","Python","https://github.com/instructlab/taxonomy","3318"
"25480","Makefile","https://github.com/instructlab/taxonomy","176"
"25481","JSONL","https://github.com/instructlab/instructlab","344116"
"25481","Python","https://github.com/instructlab/instructlab","266228"
"25481","Jupyter","https://github.com/instructlab/instructlab","22324"
"25481","Makefile","https://github.com/instructlab/instructlab","4194"
"25481","TOML","https://github.com/instructlab/instructlab","3290"
"25481","INI","https://github.com/instructlab/instructlab","2588"
"25482","TypeScript","https://github.com/instructlab/website","34832"
"25482","Sass","https://github.com/instructlab/website","8604"
"25482","JavaScript","https://github.com/instructlab/website","275"
"25482","Makefile","https://github.com/instructlab/website","176"
"25482","TypeScript Typings","https://github.com/instructlab/website","11"
"25483","Makefile","https://github.com/instructlab/.github","264"
"25484","Python","https://github.com/instructlab/community","861"
"25484","Makefile","https://github.com/instructlab/community","312"
"25484","INI","https://github.com/instructlab/community","156"
"25485","Go","https://github.com/instructlab/instructlab-bot","42152"
"25485","TypeScript","https://github.com/instructlab/instructlab-bot","41976"
"25485","Jupyter","https://github.com/instructlab/instructlab-bot","17765"
"25485","CSS","https://github.com/instructlab/instructlab-bot","3190"
"25485","Makefile","https://github.com/instructlab/instructlab-bot","2200"
"25485","JavaScript","https://github.com/instructlab/instructlab-bot","242"
"25485","Jinja","https://github.com/instructlab/instructlab-bot","22"
"25485","TypeScript Typings","https://github.com/instructlab/instructlab-bot","0"
"25486","Python","https://github.com/instructlab/schema","3394"
"25486","TOML","https://github.com/instructlab/schema","856"
"25486","INI","https://github.com/instructlab/schema","745"
"25487","Makefile","https://github.com/instructlab/dev-docs","338"
"25488","Python","https://github.com/instructlab/instructlab-quantize","516"
"25488","TOML","https://github.com/instructlab/instructlab-quantize","486"
"25488","INI","https://github.com/instructlab/instructlab-quantize","387"
"25488","Makefile","https://github.com/instructlab/instructlab-quantize","243"
"25490","Python","https://github.com/instructlab/training","24707"
"25490","TOML","https://github.com/instructlab/training","759"
"25490","INI","https://github.com/instructlab/training","550"
"25490","Makefile","https://github.com/instructlab/training","473"
"25491","Python","https://github.com/instructlab/sdg","24413"
"25491","JSONL","https://github.com/instructlab/sdg","879"
"25491","TOML","https://github.com/instructlab/sdg","764"
"25491","INI","https://github.com/instructlab/sdg","685"
"25491","Makefile","https://github.com/instructlab/sdg","587"
"25492","Python","https://github.com/instructlab/eval","12873"
"25492","JSONL","https://github.com/instructlab/eval","1602"
"25492","TOML","https://github.com/instructlab/eval","820"
"25492","INI","https://github.com/instructlab/eval","624"
"25492","Makefile","https://github.com/instructlab/eval","559"
"25493","TypeScript","https://github.com/instructlab/ui","59849"
"25493","CSS","https://github.com/instructlab/ui","2297"
"25493","Makefile","https://github.com/instructlab/ui","1015"
"25493","Go","https://github.com/instructlab/ui","628"
"25493","JavaScript","https://github.com/instructlab/ui","286"
"25493","TypeScript Typings","https://github.com/instructlab/ui","0"
"25494","Python","https://github.com/instructlab/gptdolomite","32020"
"25494","TOML","https://github.com/instructlab/gptdolomite","1004"
"25494","INI","https://github.com/instructlab/gptdolomite","286"
"25495","Python","https://github.com/numpy/numpy","3046982"
"25495","C","https://github.com/numpy/numpy","2007603"
"25495","C Header","https://github.com/numpy/numpy","374493"
"25495","C++","https://github.com/numpy/numpy","196000"
"25495","Cython","https://github.com/numpy/numpy","170018"
"25495","Swig","https://github.com/numpy/numpy","31308"
"25495","Meson","https://github.com/numpy/numpy","30882"
"25495","Fortran Modern","https://github.com/numpy/numpy","11700"
"25495","C++ Header","https://github.com/numpy/numpy","10816"
"25495","Autoconf","https://github.com/numpy/numpy","9648"
"25495","FORTRAN Legacy","https://github.com/numpy/numpy","5724"
"25495","Makefile","https://github.com/numpy/numpy","2556"
"25495","TOML","https://github.com/numpy/numpy","2094"
"25495","sed","https://github.com/numpy/numpy","1668"
"25495","Smarty Template","https://github.com/numpy/numpy","984"
"25495","CSS","https://github.com/numpy/numpy","612"
"25495","Go Template","https://github.com/numpy/numpy","600"
"25495","CMake","https://github.com/numpy/numpy","564"
"25495","INI","https://github.com/numpy/numpy","384"
"25495","Bazel","https://github.com/numpy/numpy","372"
"25495","HTML","https://github.com/numpy/numpy","252"
"25495","D","https://github.com/numpy/numpy","12"
"25496","DM","https://github.com/polarisss13/polaris","5037373"
"25496","JavaScript","https://github.com/polarisss13/polaris","682990"
"25496","HTML","https://github.com/polarisss13/polaris","86064"
"25496","Go Template","https://github.com/polarisss13/polaris","67111"
"25496","Sass","https://github.com/polarisss13/polaris","24717"
"25496","CSS","https://github.com/polarisss13/polaris","20658"
"25496","Java","https://github.com/polarisss13/polaris","15906"
"25496","Python","https://github.com/polarisss13/polaris","5973"
"25496","C#","https://github.com/polarisss13/polaris","3905"
"25496","SQL","https://github.com/polarisss13/polaris","2013"
"25496","MSBuild","https://github.com/polarisss13/polaris","1969"
"25496","AWK","https://github.com/polarisss13/polaris","220"
"25496","TypeScript Typings","https://github.com/polarisss13/polaris","198"
"25496","Gradle","https://github.com/polarisss13/polaris","143"
"25496","TOML","https://github.com/polarisss13/polaris","55"
"25496","INI","https://github.com/polarisss13/polaris","33"
"25497","Python","https://github.com/networkx/networkx","1736121"
"25497","TOML","https://github.com/networkx/networkx","2400"
"25497","JavaScript","https://github.com/networkx/networkx","1440"
"25497","Makefile","https://github.com/networkx/networkx","1152"
"25497","CSS","https://github.com/networkx/networkx","396"
"25497","Autoconf","https://github.com/networkx/networkx","324"
"25497","HTML","https://github.com/networkx/networkx","144"
"25498","C++","https://github.com/tensorflow/tensorflow","37100445"
"25498","Python","https://github.com/tensorflow/tensorflow","15690833"
"25498","C Header","https://github.com/tensorflow/tensorflow","7799452"
"25498","HTML","https://github.com/tensorflow/tensorflow","3999504"
"25498","Bazel","https://github.com/tensorflow/tensorflow","985263"
"25498","Go","https://github.com/tensorflow/tensorflow","516520"
"25498","Java","https://github.com/tensorflow/tensorflow","325216"
"25498","Jupyter","https://github.com/tensorflow/tensorflow","316608"
"25498","Smarty Template","https://github.com/tensorflow/tensorflow","310802"
"25498","Patch","https://github.com/tensorflow/tensorflow","187716"
"25498","Protocol Buffers","https://github.com/tensorflow/tensorflow","176485"
"25498","Go Template","https://github.com/tensorflow/tensorflow","111792"
"25498","Objective C++","https://github.com/tensorflow/tensorflow","85216"
"25498","CMake","https://github.com/tensorflow/tensorflow","54327"
"25498","C","https://github.com/tensorflow/tensorflow","23360"
"25498","Swift","https://github.com/tensorflow/tensorflow","21536"
"25498","Objective C","https://github.com/tensorflow/tensorflow","19568"
"25498","Jenkins Buildfile","https://github.com/tensorflow/tensorflow","10544"
"25498","Gradle","https://github.com/tensorflow/tensorflow","5712"
"25498","Module-Definition","https://github.com/tensorflow/tensorflow","4560"
"25498","C#","https://github.com/tensorflow/tensorflow","4352"
"25498","LD Script","https://github.com/tensorflow/tensorflow","3984"
"25498","Perl","https://github.com/tensorflow/tensorflow","2624"
"25498","JavaScript","https://github.com/tensorflow/tensorflow","2061"
"25498","LLVM IR","https://github.com/tensorflow/tensorflow","1968"
"25498","Cython","https://github.com/tensorflow/tensorflow","1632"
"25498","Autoconf","https://github.com/tensorflow/tensorflow","976"
"25498","INI","https://github.com/tensorflow/tensorflow","848"
"25498","Makefile","https://github.com/tensorflow/tensorflow","800"
"25498","Properties File","https://github.com/tensorflow/tensorflow","192"
"25498","Picat","https://github.com/tensorflow/tensorflow","64"
"25498","DOT","https://github.com/tensorflow/tensorflow","32"
"25499","C++","https://github.com/ml-explore/mlx","566231"
"25499","C Header","https://github.com/ml-explore/mlx","265461"
"25499","Python","https://github.com/ml-explore/mlx","212853"
"25499","CMake","https://github.com/ml-explore/mlx","10878"
"25499","Autoconf","https://github.com/ml-explore/mlx","348"
"25499","TOML","https://github.com/ml-explore/mlx","180"
"25499","Makefile","https://github.com/ml-explore/mlx","108"
"25499","HTML","https://github.com/ml-explore/mlx","12"
"25500","Jupyter","https://github.com/keras-team/keras-io","1921180"
"25500","Python","https://github.com/keras-team/keras-io","1072551"
"25500","CSS","https://github.com/keras-team/keras-io","9504"
"25500","HTML","https://github.com/keras-team/keras-io","6600"
"25500","JavaScript","https://github.com/keras-team/keras-io","1320"
"25500","Makefile","https://github.com/keras-team/keras-io","72"
"25501","Python","https://github.com/pytorch/pytorch","18430925"
"25501","C++","https://github.com/pytorch/pytorch","9190554"
"25501","C Header","https://github.com/pytorch/pytorch","3407316"
"25501","Cuda","https://github.com/pytorch/pytorch","853131"
"25501","C","https://github.com/pytorch/pytorch","491732"
"25501","Objective C++","https://github.com/pytorch/pytorch","369597"
"25501","CMake","https://github.com/pytorch/pytorch","204606"
"25501","Bazel","https://github.com/pytorch/pytorch","183098"
"25501","Assembly","https://github.com/pytorch/pytorch","108822"
"25501","C++ Header","https://github.com/pytorch/pytorch","89471"
"25501","Jupyter","https://github.com/pytorch/pytorch","85106"
"25501","Java","https://github.com/pytorch/pytorch","47082"
"25501","Autoconf","https://github.com/pytorch/pytorch","45120"
"25501","JavaScript","https://github.com/pytorch/pytorch","31568"
"25501","TOML","https://github.com/pytorch/pytorch","27198"
"25501","CSS","https://github.com/pytorch/pytorch","10171"
"25501","Jinja","https://github.com/pytorch/pytorch","7862"
"25501","Gradle","https://github.com/pytorch/pytorch","6846"
"25501","INI","https://github.com/pytorch/pytorch","3480"
"25501","Makefile","https://github.com/pytorch/pytorch","3132"
"25501","Ruby","https://github.com/pytorch/pytorch","2898"
"25501","HTML","https://github.com/pytorch/pytorch","1624"
"25501","Patch","https://github.com/pytorch/pytorch","1064"
"25501","Powershell","https://github.com/pytorch/pytorch","546"
"25501","Properties File","https://github.com/pytorch/pytorch","532"
"25501","Systemd","https://github.com/pytorch/pytorch","406"
"25501","Objective C","https://github.com/pytorch/pytorch","364"
"25501","Smarty Template","https://github.com/pytorch/pytorch","154"
"25501","LD Script","https://github.com/pytorch/pytorch","70"
"25501","Vim Script","https://github.com/pytorch/pytorch","42"
"25501","Gemfile","https://github.com/pytorch/pytorch","28"
"25502","Assembly","https://github.com/apache/arrow","5777352"
"25502","C++","https://github.com/apache/arrow","5506985"
"25502","Go","https://github.com/apache/arrow","2260920"
"25502","Java","https://github.com/apache/arrow","1849490"
"25502","C Header","https://github.com/apache/arrow","1517098"
"25502","Python","https://github.com/apache/arrow","992055"
"25502","Cython","https://github.com/apache/arrow","567528"
"25502","Ruby","https://github.com/apache/arrow","502898"
"25502","R","https://github.com/apache/arrow","467854"
"25502","C#","https://github.com/apache/arrow","378528"
"25502","TypeScript","https://github.com/apache/arrow","229332"
"25502","CMake","https://github.com/apache/arrow","169300"
"25502","MATLAB","https://github.com/apache/arrow","161028"
"25502","Swift","https://github.com/apache/arrow","148504"
"25502","C","https://github.com/apache/arrow","131064"
"25502","C++ Header","https://github.com/apache/arrow","55404"
"25502","Go Template","https://github.com/apache/arrow","45244"
"25502","Autoconf","https://github.com/apache/arrow","37762"
"25502","Avro","https://github.com/apache/arrow","19932"
"25502","Patch","https://github.com/apache/arrow","19230"
"25502","JavaScript","https://github.com/apache/arrow","18896"
"25502","Meson","https://github.com/apache/arrow","13368"
"25502","Protocol Buffers","https://github.com/apache/arrow","10620"
"25502","Rakefile","https://github.com/apache/arrow","8052"
"25502","Makefile","https://github.com/apache/arrow","7476"
"25502","Vala","https://github.com/apache/arrow","6924"
"25502","MSBuild","https://github.com/apache/arrow","6036"
"25502","Jinja","https://github.com/apache/arrow","5758"
"25502","Thrift","https://github.com/apache/arrow","3816"
"25502","Objective C++","https://github.com/apache/arrow","2880"
"25502","HTML","https://github.com/apache/arrow","1860"
"25502","Lua","https://github.com/apache/arrow","1788"
"25502","TOML","https://github.com/apache/arrow","744"
"25502","CSS","https://github.com/apache/arrow","600"
"25502","Freemarker Template","https://github.com/apache/arrow","600"
"25502","Gemfile","https://github.com/apache/arrow","420"
"25502","Windows Resource-Definition Script","https://github.com/apache/arrow","300"
"25502","AWK","https://github.com/apache/arrow","288"
"25502","SQL","https://github.com/apache/arrow","120"
"25502","Emacs Lisp","https://github.com/apache/arrow","96"
"25502","JSONL","https://github.com/apache/arrow","96"
"25502","sed","https://github.com/apache/arrow","60"
"25502","Properties File","https://github.com/apache/arrow","48"
"25503","Python","https://github.com/pandas-dev/pandas","6137106"
"25503","Cython","https://github.com/pandas-dev/pandas","404683"
"25503","HTML","https://github.com/pandas-dev/pandas","150612"
"25503","C","https://github.com/pandas-dev/pandas","92855"
"25503","Autoconf","https://github.com/pandas-dev/pandas","30692"
"25503","Jupyter","https://github.com/pandas-dev/pandas","25620"
"25503","C Header","https://github.com/pandas-dev/pandas","17868"
"25503","TOML","https://github.com/pandas-dev/pandas","10460"
"25503","CSS","https://github.com/pandas-dev/pandas","5280"
"25503","Meson","https://github.com/pandas-dev/pandas","4021"
"25503","Smarty Template","https://github.com/pandas-dev/pandas","3072"
"25503","Extensible Stylesheet Language Transformations","https://github.com/pandas-dev/pandas","384"
"25503","JSONL","https://github.com/pandas-dev/pandas","24"
"25504","Python","https://github.com/tinygrad/tinygrad","1432554"
"25504","C Header","https://github.com/tinygrad/tinygrad","255284"
"25504","C","https://github.com/tinygrad/tinygrad","17928"
"25504","HTML","https://github.com/tinygrad/tinygrad","10602"
"25504","JavaScript","https://github.com/tinygrad/tinygrad","4416"
"25504","C++","https://github.com/tinygrad/tinygrad","4200"
"25504","CSS","https://github.com/tinygrad/tinygrad","4170"
"25504","Objective C++","https://github.com/tinygrad/tinygrad","3720"
"25504","Assembly","https://github.com/tinygrad/tinygrad","900"
"25504","Objective C","https://github.com/tinygrad/tinygrad","504"
"25504","TOML","https://github.com/tinygrad/tinygrad","456"
"25504","Swift","https://github.com/tinygrad/tinygrad","348"
"25504","INI","https://github.com/tinygrad/tinygrad","96"
"25505","Python","https://github.com/allenai/allennlp","781938"
"25505","C","https://github.com/allenai/allennlp","10989"
"25505","Jsonnet","https://github.com/allenai/allennlp","1738"
"25505","Makefile","https://github.com/allenai/allennlp","1595"
"25505","INI","https://github.com/allenai/allennlp","297"
"25505","TOML","https://github.com/allenai/allennlp","227"
"25505","CSS","https://github.com/allenai/allennlp","187"
"25505","JSONL","https://github.com/allenai/allennlp","154"
"25505","Autoconf","https://github.com/allenai/allennlp","110"
"25506","HTML","https://github.com/facebookresearch/fasttext","183159"
"25506","C++","https://github.com/facebookresearch/fasttext","37899"
"25506","JavaScript","https://github.com/facebookresearch/fasttext","35388"
"25506","CSS","https://github.com/facebookresearch/fasttext","14832"
"25506","Python","https://github.com/facebookresearch/fasttext","11304"
"25506","C Header","https://github.com/facebookresearch/fasttext","8793"
"25506","Makefile","https://github.com/facebookresearch/fasttext","684"
"25506","CMake","https://github.com/facebookresearch/fasttext","558"
"25506","Perl","https://github.com/facebookresearch/fasttext","387"
"25506","Autoconf","https://github.com/facebookresearch/fasttext","117"
"25506","TOML","https://github.com/facebookresearch/fasttext","18"
"25507","C++","https://github.com/mozilla/deepspeech","1186812"
"25507","C Header","https://github.com/mozilla/deepspeech","1068980"
"25507","Autoconf","https://github.com/mozilla/deepspeech","303787"
"25507","m4","https://github.com/mozilla/deepspeech","162921"
"25507","Python","https://github.com/mozilla/deepspeech","112087"
"25507","Cython","https://github.com/mozilla/deepspeech","96536"
"25507","JavaScript","https://github.com/mozilla/deepspeech","92191"
"25507","C++ Header","https://github.com/mozilla/deepspeech","58575"
"25507","Swig","https://github.com/mozilla/deepspeech","55847"
"25507","MSBuild","https://github.com/mozilla/deepspeech","12463"
"25507","CMake","https://github.com/mozilla/deepspeech","11748"
"25507","C#","https://github.com/mozilla/deepspeech","10351"
"25507","Swift","https://github.com/mozilla/deepspeech","6677"
"25507","Java","https://github.com/mozilla/deepspeech","5698"
"25507","Makefile","https://github.com/mozilla/deepspeech","4422"
"25507","TypeScript","https://github.com/mozilla/deepspeech","3113"
"25507","Patch","https://github.com/mozilla/deepspeech","2750"
"25507","Go Template","https://github.com/mozilla/deepspeech","2189"
"25507","Gradle","https://github.com/mozilla/deepspeech","1793"
"25507","XAML","https://github.com/mozilla/deepspeech","1210"
"25507","Prolog","https://github.com/mozilla/deepspeech","396"
"25507","Properties File","https://github.com/mozilla/deepspeech","77"
"25507","TypeScript Typings","https://github.com/mozilla/deepspeech","33"
"25508","Java","https://github.com/apache/opennlp","947482"
"25508","HTML","https://github.com/apache/opennlp","2256"
"25508","CSS","https://github.com/apache/opennlp","1464"
"25508","Extensible Stylesheet Language Transformations","https://github.com/apache/opennlp","300"
"25508","Properties File","https://github.com/apache/opennlp","108"
"25509","Lua","https://github.com/opennmt/opennmt","221590"
"25509","Forth","https://github.com/opennmt/opennmt","23190"
"25509","Python","https://github.com/opennmt/opennmt","2539"
"25509","Perl","https://github.com/opennmt/opennmt","1490"
"25509","JavaScript","https://github.com/opennmt/opennmt","470"
"25509","CSS","https://github.com/opennmt/opennmt","240"
"25510","Python","https://github.com/ukplab/sentence-transformers","263643"
"25510","Jupyter","https://github.com/ukplab/sentence-transformers","79838"
"25510","HTML","https://github.com/ukplab/sentence-transformers","14234"
"25510","CSS","https://github.com/ukplab/sentence-transformers","1034"
"25510","TOML","https://github.com/ukplab/sentence-transformers","591"
"25510","JavaScript","https://github.com/ukplab/sentence-transformers","209"
"25510","Makefile","https://github.com/ukplab/sentence-transformers","166"
"25510","INI","https://github.com/ukplab/sentence-transformers","24"
"25510","Autoconf","https://github.com/ukplab/sentence-transformers","11"
"25511","Python","https://github.com/huggingface/transformers","13752232"
"25511","Cuda","https://github.com/huggingface/transformers","26220"
"25511","Jupyter","https://github.com/huggingface/transformers","13968"
"25511","C Header","https://github.com/huggingface/transformers","6780"
"25511","C++","https://github.com/huggingface/transformers","3840"
"25511","Systemd","https://github.com/huggingface/transformers","1332"
"25511","Cython","https://github.com/huggingface/transformers","972"
"25511","Makefile","https://github.com/huggingface/transformers","940"
"25511","Jsonnet","https://github.com/huggingface/transformers","384"
"25511","TOML","https://github.com/huggingface/transformers","372"
"25512","Python","https://github.com/rare-technologies/gensim","576241"
"25512","Jupyter","https://github.com/rare-technologies/gensim","512004"
"25512","CSS","https://github.com/rare-technologies/gensim","380280"
"25512","Cython","https://github.com/rare-technologies/gensim","48720"
"25512","Objective C++","https://github.com/rare-technologies/gensim","11592"
"25512","Patch","https://github.com/rare-technologies/gensim","5988"
"25512","Makefile","https://github.com/rare-technologies/gensim","912"
"25512","C Header","https://github.com/rare-technologies/gensim","756"
"25512","Unreal Script","https://github.com/rare-technologies/gensim","372"
"25512","Autoconf","https://github.com/rare-technologies/gensim","348"
"25512","TOML","https://github.com/rare-technologies/gensim","104"
"25513","Java","https://github.com/cogcomp/cogcomp-nlp","1625526"
"25513","Python","https://github.com/cogcomp/cogcomp-nlp","32481"
"25513","Document Type Definition","https://github.com/cogcomp/cogcomp-nlp","13968"
"25513","Perl","https://github.com/cogcomp/cogcomp-nlp","1971"
"25513","Properties File","https://github.com/cogcomp/cogcomp-nlp","1251"
"25513","Protocol Buffers","https://github.com/cogcomp/cogcomp-nlp","477"
"25514","Python","https://github.com/explosion/spacy","1245009"
"25514","MDX","https://github.com/explosion/spacy","433224"
"25514","Cython","https://github.com/explosion/spacy","232026"
"25514","JavaScript","https://github.com/explosion/spacy","61824"
"25514","Sass","https://github.com/explosion/spacy","23256"
"25514","TypeScript","https://github.com/explosion/spacy","7464"
"25514","Jinja","https://github.com/explosion/spacy","6240"
"25514","HTML","https://github.com/explosion/spacy","2400"
"25514","TOML","https://github.com/explosion/spacy","960"
"25514","Makefile","https://github.com/explosion/spacy","576"
"25514","JSONL","https://github.com/explosion/spacy","492"
"25514","C++ Header","https://github.com/explosion/spacy","96"
"25514","Autoconf","https://github.com/explosion/spacy","96"
"25515","Python","https://github.com/nltk/nltk","1504443"
"25515","Jupyter","https://github.com/nltk/nltk","16492"
"25515","HTML","https://github.com/nltk/nltk","8645"
"25515","Makefile","https://github.com/nltk/nltk","2275"
"25515","INI","https://github.com/nltk/nltk","1248"
"25515","CSS","https://github.com/nltk/nltk","351"
"25515","Autoconf","https://github.com/nltk/nltk","143"
"25516","Java","https://github.com/stanfordnlp/corenlp","6214100"
"25516","JavaScript","https://github.com/stanfordnlp/corenlp","53580"
"25516","Lisp","https://github.com/stanfordnlp/corenlp","11520"
"25516","Properties File","https://github.com/stanfordnlp/corenlp","11510"
"25516","Snakemake","https://github.com/stanfordnlp/corenlp","9980"
"25516","MSBuild","https://github.com/stanfordnlp/corenlp","8420"
"25516","Python","https://github.com/stanfordnlp/corenlp","7564"
"25516","JavaServer Pages","https://github.com/stanfordnlp/corenlp","7240"
"25516","TeX","https://github.com/stanfordnlp/corenlp","6768"
"25516","LaTeX","https://github.com/stanfordnlp/corenlp","6552"
"25516","Protocol Buffers","https://github.com/stanfordnlp/corenlp","5950"
"25516","Makefile","https://github.com/stanfordnlp/corenlp","5260"
"25516","Perl","https://github.com/stanfordnlp/corenlp","3160"
"25516","CSS","https://github.com/stanfordnlp/corenlp","2670"
"25516","HTML","https://github.com/stanfordnlp/corenlp","1930"
"25516","Extensible Stylesheet Language Transformations","https://github.com/stanfordnlp/corenlp","1700"
"25516","C Shell","https://github.com/stanfordnlp/corenlp","880"
"25516","Ruby","https://github.com/stanfordnlp/corenlp","620"
"25516","Gradle","https://github.com/stanfordnlp/corenlp","500"
"25516","Module-Definition","https://github.com/stanfordnlp/corenlp","270"
"25517","C Header","https://github.com/picovoice/porcupine","1654542"
"25517","C","https://github.com/picovoice/porcupine","524943"
"25517","TypeScript","https://github.com/picovoice/porcupine","41121"
"25517","Java","https://github.com/picovoice/porcupine","37053"
"25517","JavaScript","https://github.com/picovoice/porcupine","22536"
"25517","C#","https://github.com/picovoice/porcupine","21897"
"25517","Python","https://github.com/picovoice/porcupine","15972"
"25517","HTML","https://github.com/picovoice/porcupine","14544"
"25517","Rust","https://github.com/picovoice/porcupine","12411"
"25517","Gradle","https://github.com/picovoice/porcupine","12330"
"25517","Swift","https://github.com/picovoice/porcupine","12015"
"25517","Go","https://github.com/picovoice/porcupine","9657"
"25517","Assembly","https://github.com/picovoice/porcupine","9288"
"25517","Dart","https://github.com/picovoice/porcupine","7074"
"25517","MSBuild","https://github.com/picovoice/porcupine","4302"
"25517","Vue","https://github.com/picovoice/porcupine","1692"
"25517","Objective C","https://github.com/picovoice/porcupine","1386"
"25517","Prolog","https://github.com/picovoice/porcupine","846"
"25517","Properties File","https://github.com/picovoice/porcupine","846"
"25517","Sass","https://github.com/picovoice/porcupine","585"
"25517","TOML","https://github.com/picovoice/porcupine","549"
"25517","CSS","https://github.com/picovoice/porcupine","405"
"25517","CMake","https://github.com/picovoice/porcupine","261"
"25517","Objective C++","https://github.com/picovoice/porcupine","189"
"25517","Bazel","https://github.com/picovoice/porcupine","153"
"25517","TypeScript Typings","https://github.com/picovoice/porcupine","108"
"25517","Autoconf","https://github.com/picovoice/porcupine","36"
"25517","Xcode Config","https://github.com/picovoice/porcupine","36"
"25518","Python","https://github.com/mycroftai/mycroft-core","314899"
"25518","QML","https://github.com/mycroftai/mycroft-core","5676"
"25518","Makefile","https://github.com/mycroftai/mycroft-core","110"
"25518","Autoconf","https://github.com/mycroftai/mycroft-core","66"
"25518","Forth","https://github.com/mycroftai/mycroft-core","44"
"25518","INI","https://github.com/mycroftai/mycroft-core","33"
"25519","Jupyter","https://github.com/laion-ai/open-assistant","484944"
"25519","Python","https://github.com/laion-ai/open-assistant","462213"
"25519","TypeScript","https://github.com/laion-ai/open-assistant","233688"
"25519","JavaScript","https://github.com/laion-ai/open-assistant","10740"
"25519","JSONL","https://github.com/laion-ai/open-assistant","6600"
"25519","MDX","https://github.com/laion-ai/open-assistant","3528"
"25519","TOML","https://github.com/laion-ai/open-assistant","1500"
"25519","INI","https://github.com/laion-ai/open-assistant","912"
"25519","TypeScript Typings","https://github.com/laion-ai/open-assistant","864"
"25519","SQL","https://github.com/laion-ai/open-assistant","768"
"25519","CSS","https://github.com/laion-ai/open-assistant","744"
"25519","Mako","https://github.com/laion-ai/open-assistant","432"
"25519","HTML","https://github.com/laion-ai/open-assistant","156"
"25520","Python","https://github.com/sukeesh/jarvis","232760"
"25520","Makefile","https://github.com/sukeesh/jarvis","176"
"25520","Java","https://github.com/sukeesh/jarvis","55"
"25520","C++","https://github.com/sukeesh/jarvis","44"
"25521","Python","https://github.com/leon-ai/leon","114151"
"25521","TypeScript","https://github.com/leon-ai/leon","108406"
"25521","JavaScript","https://github.com/leon-ai/leon","60150"
"25521","Sass","https://github.com/leon-ai/leon","10262"
"25521","HTML","https://github.com/leon-ai/leon","4102"
"25521","JSX","https://github.com/leon-ai/leon","3642"
"25521","TypeScript Typings","https://github.com/leon-ai/leon","348"
"25522","Python","https://github.com/openvoiceos/ovos-core","279312"
"25522","QML","https://github.com/openvoiceos/ovos-core","74942"
"25522","TypeScript","https://github.com/openvoiceos/ovos-core","33012"
"25522","JavaScript","https://github.com/openvoiceos/ovos-core","686"
"25522","Autoconf","https://github.com/openvoiceos/ovos-core","266"
"25522","Forth","https://github.com/openvoiceos/ovos-core","56"
"25523","Autoconf","https://github.com/rhasspy/rhasspy","6820"
"25523","m4","https://github.com/rhasspy/rhasspy","4850"
"25523","Python","https://github.com/rhasspy/rhasspy","1038"
"25523","INI","https://github.com/rhasspy/rhasspy","220"
"25523","Systemd","https://github.com/rhasspy/rhasspy","120"
"25524","Python","https://github.com/timdettmers/bitsandbytes","135941"
"25524","Cuda","https://github.com/timdettmers/bitsandbytes","43472"
"25524","C Header","https://github.com/timdettmers/bitsandbytes","17712"
"25524","MDX","https://github.com/timdettmers/bitsandbytes","7392"
"25524","C++","https://github.com/timdettmers/bitsandbytes","4560"
"25524","CMake","https://github.com/timdettmers/bitsandbytes","1860"
"25524","TOML","https://github.com/timdettmers/bitsandbytes","760"
"25524","JSONL","https://github.com/timdettmers/bitsandbytes","720"
"25524","Objective C++","https://github.com/timdettmers/bitsandbytes","648"
"25524","INI","https://github.com/timdettmers/bitsandbytes","96"
"25525","Python","https://github.com/huggingface/trl","354990"
"25525","MDX","https://github.com/huggingface/trl","34760"
"25525","Jupyter","https://github.com/huggingface/trl","33316"
"25525","Makefile","https://github.com/huggingface/trl","434"
"25525","TOML","https://github.com/huggingface/trl","252"
"25525","Autoconf","https://github.com/huggingface/trl","70"
"25527","Jupyter","https://github.com/google-deepmind/gemma","21160"
"25527","Python","https://github.com/google-deepmind/gemma","17456"
"25527","TOML","https://github.com/google-deepmind/gemma","392"
"25528","Python","https://github.com/mistralai/mistral-common","31133"
"25528","Jupyter","https://github.com/mistralai/mistral-common","3996"
"25528","TOML","https://github.com/mistralai/mistral-common","592"
"25529","Python","https://github.com/google-research/text-to-text-transfer-transformer","112388"
"25529","Jupyter","https://github.com/google-research/text-to-text-transfer-transformer","13880"
"25529","INI","https://github.com/google-research/text-to-text-transfer-transformer","20"
"25530","Python","https://github.com/microsoft/deepspeed","945404"
"25530","C Header","https://github.com/microsoft/deepspeed","216335"
"25530","Cuda","https://github.com/microsoft/deepspeed","140013"
"25530","C++","https://github.com/microsoft/deepspeed","84904"
"25530","Sass","https://github.com/microsoft/deepspeed","20031"
"25530","HTML","https://github.com/microsoft/deepspeed","12397"
"25530","C++ Header","https://github.com/microsoft/deepspeed","1851"
"25530","Autoconf","https://github.com/microsoft/deepspeed","176"
"25530","Gemfile","https://github.com/microsoft/deepspeed","158"
"25530","INI","https://github.com/microsoft/deepspeed","143"
"25530","Makefile","https://github.com/microsoft/deepspeed","99"
"25532","Python","https://github.com/meta-llama/llama","11698"
"25533","Python","https://github.com/huggingface/datasets","675116"
"25533","MDX","https://github.com/huggingface/datasets","69082"
"25533","Jupyter","https://github.com/huggingface/datasets","40865"
"25533","TOML","https://github.com/huggingface/datasets","198"
"25533","Makefile","https://github.com/huggingface/datasets","110"
"25534","Python","https://github.com/nvidia/nemo","4027596"
"25534","Jupyter","https://github.com/nvidia/nemo","863592"
"25534","C++","https://github.com/nvidia/nemo","5533"
"25534","CSS","https://github.com/nvidia/nemo","3916"
"25534","Makefile","https://github.com/nvidia/nemo","2068"
"25534","HTML","https://github.com/nvidia/nemo","1606"
"25534","TOML","https://github.com/nvidia/nemo","789"
"25534","Protocol Buffers","https://github.com/nvidia/nemo","209"
"25534","JavaScript","https://github.com/nvidia/nemo","187"
"25534","Autoconf","https://github.com/nvidia/nemo","4"
"25535","Go","https://github.com/milvus-io/milvus","4934626"
"25535","Python","https://github.com/milvus-io/milvus","890250"
"25535","C++","https://github.com/milvus-io/milvus","701409"
"25535","C Header","https://github.com/milvus-io/milvus","334440"
"25535","Protocol Buffers","https://github.com/milvus-io/milvus","34130"
"25535","Groovy","https://github.com/milvus-io/milvus","31713"
"25535","CMake","https://github.com/milvus-io/milvus","16383"
"25535","Rust","https://github.com/milvus-io/milvus","10648"
"25535","C++ Header","https://github.com/milvus-io/milvus","5786"
"25535","Makefile","https://github.com/milvus-io/milvus","5015"
"25535","SQL","https://github.com/milvus-io/milvus","2541"
"25535","Systemd","https://github.com/milvus-io/milvus","1292"
"25535","Assembly","https://github.com/milvus-io/milvus","1177"
"25535","Autoconf","https://github.com/milvus-io/milvus","728"
"25535","INI","https://github.com/milvus-io/milvus","660"
"25535","TOML","https://github.com/milvus-io/milvus","517"
"25536","Python","https://github.com/bigscience-workshop/promptsource","12819"
"25536","Makefile","https://github.com/bigscience-workshop/promptsource","81"
"25537","Python","https://github.com/run-llama/llama_index","3592807"
"25537","Jupyter","https://github.com/run-llama/llama_index","3522544"
"25537","HTML","https://github.com/run-llama/llama_index","2118457"
"25537","TOML","https://github.com/run-llama/llama_index","324124"
"25537","Makefile","https://github.com/run-llama/llama_index","71046"
"25537","JavaScript","https://github.com/run-llama/llama_index","30074"
"25537","Scheme","https://github.com/run-llama/llama_index","4104"
"25537","JSONL","https://github.com/run-llama/llama_index","3657"
"25537","CSS","https://github.com/run-llama/llama_index","2453"
"25537","INI","https://github.com/run-llama/llama_index","286"
"25537","Systemd","https://github.com/run-llama/llama_index","77"
"25537","Autoconf","https://github.com/run-llama/llama_index","33"
"25537","SQL","https://github.com/run-llama/llama_index","11"
"25538","C#","https://github.com/microsoft/semantic-kernel","1103768"
"25538","Python","https://github.com/microsoft/semantic-kernel","462410"
"25538","Java","https://github.com/microsoft/semantic-kernel","114936"
"25538","Jupyter","https://github.com/microsoft/semantic-kernel","94790"
"25538","MSBuild","https://github.com/microsoft/semantic-kernel","37755"
"25538","Handlebars","https://github.com/microsoft/semantic-kernel","3600"
"25538","TOML","https://github.com/microsoft/semantic-kernel","1808"
"25538","Powershell","https://github.com/microsoft/semantic-kernel","826"
"25538","Makefile","https://github.com/microsoft/semantic-kernel","400"
"25538","INI","https://github.com/microsoft/semantic-kernel","330"
"25538","Protocol Buffers","https://github.com/microsoft/semantic-kernel","210"
"25538","JSONL","https://github.com/microsoft/semantic-kernel","100"
"25538","Properties File","https://github.com/microsoft/semantic-kernel","84"
"25539","Python","https://github.com/automatic1111/stable-diffusion-webui","348325"
"25539","JavaScript","https://github.com/automatic1111/stable-diffusion-webui","38130"
"25539","CSS","https://github.com/automatic1111/stable-diffusion-webui","13850"
"25539","HTML","https://github.com/automatic1111/stable-diffusion-webui","4740"
"25539","TOML","https://github.com/automatic1111/stable-diffusion-webui","310"
"25540","Jupyter","https://github.com/huggingface/peft","1239523"
"25540","Python","https://github.com/huggingface/peft","423550"
"25540","Cuda","https://github.com/huggingface/peft","790"
"25540","Makefile","https://github.com/huggingface/peft","480"
"25540","TOML","https://github.com/huggingface/peft","380"
"25540","C++","https://github.com/huggingface/peft","240"
"25541","Python","https://github.com/langchain-ai/langchain","4408224"
"25541","Jupyter","https://github.com/langchain-ai/langchain","3424275"
"25541","MDX","https://github.com/langchain-ai/langchain","138765"
"25541","TOML","https://github.com/langchain-ai/langchain","53607"
"25541","JavaScript","https://github.com/langchain-ai/langchain","15039"
"25541","CSS","https://github.com/langchain-ai/langchain","13460"
"25541","Makefile","https://github.com/langchain-ai/langchain","12411"
"25541","HTML","https://github.com/langchain-ai/langchain","5860"
"25541","Extensible Stylesheet Language Transformations","https://github.com/langchain-ai/langchain","5260"
"25541","Org","https://github.com/langchain-ai/langchain","760"
"25541","SQL","https://github.com/langchain-ai/langchain","720"
"25541","TypeScript","https://github.com/langchain-ai/langchain","284"
"25541","Jinja","https://github.com/langchain-ai/langchain","270"
"25541","JSONL","https://github.com/langchain-ai/langchain","30"
"25542","Rust","https://github.com/qdrant/qdrant","1066049"
"25542","Python","https://github.com/qdrant/qdrant","157765"
"25542","Protocol Buffers","https://github.com/qdrant/qdrant","13680"
"25542","TOML","https://github.com/qdrant/qdrant","5176"
"25542","C","https://github.com/qdrant/qdrant","904"
"25542","HTML","https://github.com/qdrant/qdrant","750"
"25542","JavaScript","https://github.com/qdrant/qdrant","288"
"25542","Autoconf","https://github.com/qdrant/qdrant","24"
"25543","Python","https://github.com/lucidrains/imagen-pytorch","44061"
"25543","Autoconf","https://github.com/lucidrains/imagen-pytorch","8"
"25545","Rust","https://github.com/chroma-core/chroma","319545"
"25545","Python","https://github.com/chroma-core/chroma","286314"
"25545","Go","https://github.com/chroma-core/chroma","204409"
"25545","TypeScript","https://github.com/chroma-core/chroma","77094"
"25545","Jupyter","https://github.com/chroma-core/chroma","34490"
"25545","Terraform","https://github.com/chroma-core/chroma","8030"
"25545","Protocol Buffers","https://github.com/chroma-core/chroma","4594"
"25545","CSS","https://github.com/chroma-core/chroma","3370"
"25545","JavaScript","https://github.com/chroma-core/chroma","2952"
"25545","SQL","https://github.com/chroma-core/chroma","2667"
"25545","TOML","https://github.com/chroma-core/chroma","2607"
"25545","C++","https://github.com/chroma-core/chroma","2330"
"25545","Makefile","https://github.com/chroma-core/chroma","412"
"25545","Patch","https://github.com/chroma-core/chroma","260"
"25545","Systemd","https://github.com/chroma-core/chroma","250"
"25545","HTML","https://github.com/chroma-core/chroma","210"
"25545","Powershell","https://github.com/chroma-core/chroma","190"
"25545","TypeScript Typings","https://github.com/chroma-core/chroma","0"
"25546","Python","https://github.com/microsoft/lora","2144813"
"25546","Jupyter","https://github.com/microsoft/lora","70256"
"25546","CSS","https://github.com/microsoft/lora","2144"
"25546","JavaScript","https://github.com/microsoft/lora","2056"
"25546","Makefile","https://github.com/microsoft/lora","472"
"25546","Systemd","https://github.com/microsoft/lora","376"
"25546","Jsonnet","https://github.com/microsoft/lora","256"
"25546","TOML","https://github.com/microsoft/lora","24"
"25546","Autoconf","https://github.com/microsoft/lora","8"
"25557","Rust","https://github.com/pola-rs/polars","540136"
"25557","Python","https://github.com/pola-rs/polars","290882"
"25557","TOML","https://github.com/pola-rs/polars","5720"
"25557","Makefile","https://github.com/pola-rs/polars","692"
"25557","HTML","https://github.com/pola-rs/polars","482"
"25557","CSS","https://github.com/pola-rs/polars","198"
